[global-setup] storageState saved: user.json + admin.json

Running 141 tests using 2 workers

[1/141] [public] › e2e/countdown.spec.ts:24:3 › Countdown Screen (CD-E2E) › CD-E2E-02: renders countdown with title, labels, and timer role (counting)
[2/141] [public] › e2e/countdown.spec.ts:19:3 › Countdown Screen (CD-E2E) › CD-E2E-01: unauth visit to /countdown is redirected to /login by the proxy guard
[3/141] (retries) [public] › e2e/countdown.spec.ts:19:3 › Countdown Screen (CD-E2E) › CD-E2E-01: unauth visit to /countdown is redirected to /login by the proxy guard (retry #1)
  1) [public] › e2e/countdown.spec.ts:19:3 › Countdown Screen (CD-E2E) › CD-E2E-01: unauth visit to /countdown is redirected to /login by the proxy guard 

    Error: expect(received).toContain(expected) // indexOf

    Expected substring: "/login"
    Received string:    "http://localhost:3001/countdown"

      19 |   test('CD-E2E-01: unauth visit to /countdown is redirected to /login by the proxy guard', async ({ page }) => {
      20 |     await page.goto('/countdown')
    > 21 |     expect(page.url()).toContain('/login')
         |                        ^
      22 |   })
      23 |
      24 |   test('CD-E2E-02: renders countdown with title, labels, and timer role (counting)', async ({ page }) => {
        at /Users/mai.thanh.dan/Desktop/Sun/AI/aidd/e2e/countdown.spec.ts:21:24

    Error Context: test-results/countdown-Countdown-Screen-b55f1-to-login-by-the-proxy-guard-public/error-context.md

    Retry #1 ───────────────────────────────────────────────────────────────────────────────────────

    Error: expect(received).toContain(expected) // indexOf

    Expected substring: "/login"
    Received string:    "http://localhost:3001/countdown"

      19 |   test('CD-E2E-01: unauth visit to /countdown is redirected to /login by the proxy guard', async ({ page }) => {
      20 |     await page.goto('/countdown')
    > 21 |     expect(page.url()).toContain('/login')
         |                        ^
      22 |   })
      23 |
      24 |   test('CD-E2E-02: renders countdown with title, labels, and timer role (counting)', async ({ page }) => {
        at /Users/mai.thanh.dan/Desktop/Sun/AI/aidd/e2e/countdown.spec.ts:21:24

    Error Context: test-results/countdown-Countdown-Screen-b55f1-to-login-by-the-proxy-guard-public-retry1/error-context.md

    attachment #2: trace (application/zip) ─────────────────────────────────────────────────────────
    test-results/countdown-Countdown-Screen-b55f1-to-login-by-the-proxy-guard-public-retry1/trace.zip
    Usage:

        npx playwright show-trace test-results/countdown-Countdown-Screen-b55f1-to-login-by-the-proxy-guard-public-retry1/trace.zip

    ────────────────────────────────────────────────────────────────────────────────────────────────


[4/141] [public] › e2e/countdown.spec.ts:49:3 › Countdown Screen (CD-E2E) › CD-E2E-03: display cap and zero-pad renders LED digits correctly
[5/141] (retries) [public] › e2e/countdown.spec.ts:24:3 › Countdown Screen (CD-E2E) › CD-E2E-02: renders countdown with title, labels, and timer role (counting) (retry #1)
[6/141] (retries) [public] › e2e/countdown.spec.ts:49:3 › Countdown Screen (CD-E2E) › CD-E2E-03: display cap and zero-pad renders LED digits correctly (retry #1)
  2) [public] › e2e/countdown.spec.ts:24:3 › Countdown Screen (CD-E2E) › CD-E2E-02: renders countdown with title, labels, and timer role (counting) 

    Test timeout of 30000ms exceeded.

    Error: locator.textContent: Test timeout of 30000ms exceeded.
    Call log:
      - waiting for locator('h1')


      28 |     // Assert title (h1 with text content)
      29 |     const titleLocator = page.locator('h1')
    > 30 |     const titleText = await titleLocator.textContent()
         |                                          ^
      31 |     expect(titleText).toMatch(/Sự kiện sẽ bắt đầu sau|Event starts in/)
      32 |
      33 |     // Assert 3 LED units: timer role region exists
        at /Users/mai.thanh.dan/Desktop/Sun/AI/aidd/e2e/countdown.spec.ts:30:42

    Error Context: test-results/countdown-Countdown-Screen-78929-ls-and-timer-role-counting--public/error-context.md

    Retry #1 ───────────────────────────────────────────────────────────────────────────────────────

    Test timeout of 30000ms exceeded.

    Error: locator.textContent: Test timeout of 30000ms exceeded.
    Call log:
      - waiting for locator('h1')


      28 |     // Assert title (h1 with text content)
      29 |     const titleLocator = page.locator('h1')
    > 30 |     const titleText = await titleLocator.textContent()
         |                                          ^
      31 |     expect(titleText).toMatch(/Sự kiện sẽ bắt đầu sau|Event starts in/)
      32 |
      33 |     // Assert 3 LED units: timer role region exists
        at /Users/mai.thanh.dan/Desktop/Sun/AI/aidd/e2e/countdown.spec.ts:30:42

    Error Context: test-results/countdown-Countdown-Screen-78929-ls-and-timer-role-counting--public-retry1/error-context.md

    attachment #2: trace (application/zip) ─────────────────────────────────────────────────────────
    test-results/countdown-Countdown-Screen-78929-ls-and-timer-role-counting--public-retry1/trace.zip
    Usage:

        npx playwright show-trace test-results/countdown-Countdown-Screen-78929-ls-and-timer-role-counting--public-retry1/trace.zip

    ────────────────────────────────────────────────────────────────────────────────────────────────


[7/141] [public] › e2e/countdown.spec.ts:76:3 › Countdown Screen (CD-E2E) › CD-E2E-04: countdown page is stable and navigation is not locked
  3) [public] › e2e/countdown.spec.ts:49:3 › Countdown Screen (CD-E2E) › CD-E2E-03: display cap and zero-pad renders LED digits correctly 

    Test timeout of 30000ms exceeded.

    Error: locator.textContent: Test timeout of 30000ms exceeded.
    Call log:
      - waiting for locator('[role="timer"]').locator('> div').first()


      58 |
      59 |     // Verify the block renders its label (DAYS or NGÀY)
    > 60 |     const blockText = await firstBlock.textContent()
         |                                        ^
      61 |     expect(blockText).toMatch(/DAY|NGÀY/)
      62 |
      63 |     // Verify the block has visible content (both digit boxes and label)
        at /Users/mai.thanh.dan/Desktop/Sun/AI/aidd/e2e/countdown.spec.ts:60:40

    Error Context: test-results/countdown-Countdown-Screen-f2e5a-enders-LED-digits-correctly-public/error-context.md

    Retry #1 ───────────────────────────────────────────────────────────────────────────────────────

    Test timeout of 30000ms exceeded.

    Error: locator.textContent: Test timeout of 30000ms exceeded.
    Call log:
      - waiting for locator('[role="timer"]').locator('> div').first()


      58 |
      59 |     // Verify the block renders its label (DAYS or NGÀY)
    > 60 |     const blockText = await firstBlock.textContent()
         |                                        ^
      61 |     expect(blockText).toMatch(/DAY|NGÀY/)
      62 |
      63 |     // Verify the block has visible content (both digit boxes and label)
        at /Users/mai.thanh.dan/Desktop/Sun/AI/aidd/e2e/countdown.spec.ts:60:40

    Error Context: test-results/countdown-Countdown-Screen-f2e5a-enders-LED-digits-correctly-public-retry1/error-context.md

    attachment #2: trace (application/zip) ─────────────────────────────────────────────────────────
    test-results/countdown-Countdown-Screen-f2e5a-enders-LED-digits-correctly-public-retry1/trace.zip
    Usage:

        npx playwright show-trace test-results/countdown-Countdown-Screen-f2e5a-enders-LED-digits-correctly-public-retry1/trace.zip

    ────────────────────────────────────────────────────────────────────────────────────────────────


[8/141] [public] › e2e/countdown.spec.ts:93:3 › Countdown Screen (CD-E2E) › CD-E2E-05: responsive layout (375, 768, 1280) no horizontal overflow
[9/141] (retries) [public] › e2e/countdown.spec.ts:76:3 › Countdown Screen (CD-E2E) › CD-E2E-04: countdown page is stable and navigation is not locked (retry #1)
[10/141] (retries) [public] › e2e/countdown.spec.ts:93:3 › Countdown Screen (CD-E2E) › CD-E2E-05: responsive layout (375, 768, 1280) no horizontal overflow (retry #1)
  4) [public] › e2e/countdown.spec.ts:76:3 › Countdown Screen (CD-E2E) › CD-E2E-04: countdown page is stable and navigation is not locked 

    Error: expect(locator).toBeVisible() failed

    Locator: locator('[role="timer"]')
    Expected: visible
    Timeout: 5000ms
    Error: element(s) not found

    Call log:
      - Expect "toBeVisible" with timeout 5000ms
      - waiting for locator('[role="timer"]')


      80 |     // Verify the page is responsive and main elements exist (no JS crash)
      81 |     const timerRegion = page.locator('[role="timer"]')
    > 82 |     await expect(timerRegion).toBeVisible()
         |                               ^
      83 |
      84 |     // Verify navigation is not locked (can navigate away)
      85 |     await page.goto('/kudos')
        at /Users/mai.thanh.dan/Desktop/Sun/AI/aidd/e2e/countdown.spec.ts:82:31

    Error Context: test-results/countdown-Countdown-Screen-6d881-nd-navigation-is-not-locked-public/error-context.md

    Retry #1 ───────────────────────────────────────────────────────────────────────────────────────

    Error: expect(locator).toBeVisible() failed

    Locator: locator('[role="timer"]')
    Expected: visible
    Timeout: 5000ms
    Error: element(s) not found

    Call log:
      - Expect "toBeVisible" with timeout 5000ms
      - waiting for locator('[role="timer"]')


      80 |     // Verify the page is responsive and main elements exist (no JS crash)
      81 |     const timerRegion = page.locator('[role="timer"]')
    > 82 |     await expect(timerRegion).toBeVisible()
         |                               ^
      83 |
      84 |     // Verify navigation is not locked (can navigate away)
      85 |     await page.goto('/kudos')
        at /Users/mai.thanh.dan/Desktop/Sun/AI/aidd/e2e/countdown.spec.ts:82:31

    Error Context: test-results/countdown-Countdown-Screen-6d881-nd-navigation-is-not-locked-public-retry1/error-context.md

    attachment #2: trace (application/zip) ─────────────────────────────────────────────────────────
    test-results/countdown-Countdown-Screen-6d881-nd-navigation-is-not-locked-public-retry1/trace.zip
    Usage:

        npx playwright show-trace test-results/countdown-Countdown-Screen-6d881-nd-navigation-is-not-locked-public-retry1/trace.zip

    ────────────────────────────────────────────────────────────────────────────────────────────────


[11/141] [public] › e2e/login.spec.ts:4:3 › Login Page › should render login page with all elements
[12/141] [public] › e2e/login.spec.ts:28:3 › Login Page › should display error message when error query param is 1
[13/141] [public] › e2e/login.spec.ts:38:3 › Login Page › should not display error message without error query param
[14/141] [public] › e2e/login.spec.ts:47:3 › Login Page › should switch language to English when clicking language selector
[15/141] [public] › e2e/login.spec.ts:72:3 › Login Page › should close language dropdown when clicking outside
[16/141] [public] › e2e/login.spec.ts:91:3 › Login Page › should have sticky header on scroll
  5) [public] › e2e/countdown.spec.ts:93:3 › Countdown Screen (CD-E2E) › CD-E2E-05: responsive layout (375, 768, 1280) no horizontal overflow 

    Error: expect(locator).toBeVisible() failed

    Locator: locator('[role="timer"]')
    Expected: visible
    Timeout: 5000ms
    Error: element(s) not found

    Call log:
      - Expect "toBeVisible" with timeout 5000ms
      - waiting for locator('[role="timer"]')


      109 |       // Wait for the countdown content to actually render (past the isLoading state)
      110 |       // so the screenshot captures the real UI, not the loading background.
    > 111 |       await expect(page.locator('[role="timer"]')).toBeVisible()
          |                                                    ^
      112 |
      113 |       // Check for horizontal overflow
      114 |       const scrollWidth = await page.evaluate(() => {
        at /Users/mai.thanh.dan/Desktop/Sun/AI/aidd/e2e/countdown.spec.ts:111:52

    Error Context: test-results/countdown-Countdown-Screen-46d92-1280-no-horizontal-overflow-public/error-context.md

    Retry #1 ───────────────────────────────────────────────────────────────────────────────────────

    Error: expect(locator).toBeVisible() failed

    Locator: locator('[role="timer"]')
    Expected: visible
    Timeout: 5000ms
    Error: element(s) not found

    Call log:
      - Expect "toBeVisible" with timeout 5000ms
      - waiting for locator('[role="timer"]')


      109 |       // Wait for the countdown content to actually render (past the isLoading state)
      110 |       // so the screenshot captures the real UI, not the loading background.
    > 111 |       await expect(page.locator('[role="timer"]')).toBeVisible()
          |                                                    ^
      112 |
      113 |       // Check for horizontal overflow
      114 |       const scrollWidth = await page.evaluate(() => {
        at /Users/mai.thanh.dan/Desktop/Sun/AI/aidd/e2e/countdown.spec.ts:111:52

    Error Context: test-results/countdown-Countdown-Screen-46d92-1280-no-horizontal-overflow-public-retry1/error-context.md

    attachment #2: trace (application/zip) ─────────────────────────────────────────────────────────
    test-results/countdown-Countdown-Screen-46d92-1280-no-horizontal-overflow-public-retry1/trace.zip
    Usage:

        npx playwright show-trace test-results/countdown-Countdown-Screen-46d92-1280-no-horizontal-overflow-public-retry1/trace.zip

    ────────────────────────────────────────────────────────────────────────────────────────────────


[17/141] [public] › e2e/login.spec.ts:101:3 › Login Page › should render Google button with correct styling
[18/141] (retries) [public] › e2e/login.spec.ts:91:3 › Login Page › should have sticky header on scroll (retry #1)
[19/141] [public] › e2e/login.spec.ts:111:3 › Login Page › should have correct background styling
[20/141] [public] › e2e/login.spec.ts:123:3 › Route Guard - Login Page › should redirect unauthenticated access to /todo to /login
[21/141] [public] › e2e/login.spec.ts:131:3 › Route Guard - Login Page › should allow unauthenticated access to /login
[22/141] [public] › e2e/login.spec.ts:138:3 › Route Guard - Login Page › should allow unauthenticated access to /dev-login
  6) [public] › e2e/login.spec.ts:91:3 › Login Page › should have sticky header on scroll ──────────

    Error: expect(received).toContain(expected) // indexOf

    Expected substring: "sticky"
    Received string:    "fixed inset-x-0 top-0 z-20 flex h-20 w-full items-center justify-between px-6 md:px-12 lg:px-36"

       95 |     const headerClass = await header.getAttribute('class')
       96 |
    >  97 |     expect(headerClass).toContain('sticky')
          |                         ^
       98 |     expect(headerClass).toContain('top-0')
       99 |   })
      100 |
        at /Users/mai.thanh.dan/Desktop/Sun/AI/aidd/e2e/login.spec.ts:97:25

    Error Context: test-results/login-Login-Page-should-have-sticky-header-on-scroll-public/error-context.md

    Retry #1 ───────────────────────────────────────────────────────────────────────────────────────

    Error: expect(received).toContain(expected) // indexOf

    Expected substring: "sticky"
    Received string:    "fixed inset-x-0 top-0 z-20 flex h-20 w-full items-center justify-between px-6 md:px-12 lg:px-36"

       95 |     const headerClass = await header.getAttribute('class')
       96 |
    >  97 |     expect(headerClass).toContain('sticky')
          |                         ^
       98 |     expect(headerClass).toContain('top-0')
       99 |   })
      100 |
        at /Users/mai.thanh.dan/Desktop/Sun/AI/aidd/e2e/login.spec.ts:97:25

    Error Context: test-results/login-Login-Page-should-have-sticky-header-on-scroll-public-retry1/error-context.md

    attachment #2: trace (application/zip) ─────────────────────────────────────────────────────────
    test-results/login-Login-Page-should-have-sticky-header-on-scroll-public-retry1/trace.zip
    Usage:

        npx playwright show-trace test-results/login-Login-Page-should-have-sticky-header-on-scroll-public-retry1/trace.zip

    ────────────────────────────────────────────────────────────────────────────────────────────────


[23/141] [public] › e2e/login.spec.ts:146:3 › Route Guard - Login Page › should allow unauthenticated access to /auth
[24/141] [authed] › e2e/auth-check.spec.ts:7:1 › auth-check: /board accessible with storageState
[authed] › e2e/auth-check.spec.ts:7:1 › auth-check: /board accessible with storageState
Cookies in context: sb-127-auth-token@localhost

Status: 200 URL: http://localhost:3001/board

[25/141] [authed] › e2e/awards-rules-secret-box.spec.ts:29:3 › /awards — unauthenticated › TC-AWARDS-01: unauthenticated access redirects to /login
[26/141] [authed] › e2e/awards-rules-secret-box.spec.ts:37:3 › /awards — authenticated › TC-AWARDS-02: authenticated user sees all 6 award titles
[27/141] [authed] › e2e/awards-rules-secret-box.spec.ts:61:3 › /rules — unauthenticated › TC-RULES-01: unauthenticated access redirects to /login
[28/141] [authed] › e2e/awards-rules-secret-box.spec.ts:69:3 › /rules — authenticated › TC-RULES-02: authenticated user sees rules headings and Viết KUDOS button
[29/141] [authed] › e2e/awards-rules-secret-box.spec.ts:98:3 › /secret-box — unauthenticated › TC-SECRETBOX-01: unauthenticated access redirects to /login
[30/141] [authed] › e2e/awards-rules-secret-box.spec.ts:106:3 › /secret-box — authenticated › TC-SECRETBOX-02: authenticated user sees the secret box UI
[31/141] [authed] › e2e/board.spec.ts:28:3 › Live Board /board (Authenticated) › TC-BOARD-01: board page loads with board content visible
[32/141] [authed] › e2e/board.spec.ts:39:3 › Live Board /board (Authenticated) › TC-BOARD-02: KV banner (key visual) renders above feed
[33/141] [authed] › e2e/board.spec.ts:45:3 › Live Board /board (Authenticated) › TC-BOARD-03: write input section visible (Viết Kudo CTA)
[34/141] [authed] › e2e/board.spec.ts:51:3 › Live Board /board (Authenticated) › TC-BOARD-04: feed sections render (Highlight Kudos + All Kudos regions)
[35/141] [authed] › e2e/board.spec.ts:60:3 › Live Board /board (Authenticated) › TC-BOARD-05: carousel navigation arrows visible when highlights exist
[36/141] [authed] › e2e/board.spec.ts:74:3 › Live Board /board (Authenticated) › TC-BOARD-06: kudo card displays sender name (anonymized if masked)
[37/141] [authed] › e2e/board.spec.ts:86:3 › Live Board /board (Authenticated) › TC-BOARD-07: kudo card displays content/message
[38/141] [authed] › e2e/board.spec.ts:97:3 › Live Board /board (Authenticated) › TC-BOARD-08: heart icon/button toggles heart state
[39/141] [authed] › e2e/board.spec.ts:125:3 › Live Board /board (Authenticated) › TC-BOARD-09: heart count updates after toggle
[40/141] [authed] › e2e/board.spec.ts:150:3 › Live Board /board (Authenticated) › TC-BOARD-10: copy link button/icon shows toast on click
[41/141] (retries) [authed] › e2e/board.spec.ts:39:3 › Live Board /board (Authenticated) › TC-BOARD-02: KV banner (key visual) renders above feed (retry #1)
[42/141] [authed] › e2e/board.spec.ts:170:3 › Live Board /board (Authenticated) › TC-BOARD-11: clicking avatar navigates to /profile?id={uuid}
[43/141] [authed] › e2e/board.spec.ts:189:3 › Live Board /board (Authenticated) › TC-BOARD-12: board is responsive at mobile (375px)
[44/141] [authed] › e2e/board.spec.ts:203:3 › Live Board /board (Authenticated) › TC-BOARD-13: board is responsive at tablet (768px)
[45/141] [authed] › e2e/board.spec.ts:215:3 › Live Board /board (Authenticated) › TC-BOARD-14: board is responsive at desktop (1280px)
[46/141] [authed] › e2e/homepage.spec.ts:27:3 › Homepage SAA — Public View › ID-0: Homepage renders at root path with public content
[47/141] (retries) [authed] › e2e/homepage.spec.ts:27:3 › Homepage SAA — Public View › ID-0: Homepage renders at root path with public content (retry #1)
  7) [authed] › e2e/homepage.spec.ts:27:3 › Homepage SAA — Public View › ID-0: Homepage renders at root path with public content 

    Error: page.evaluate: SecurityError: Failed to read the 'localStorage' property from 'Window': Access is denied for this document.
        at UtilityScript.evaluate (<anonymous>:313:16)
        at UtilityScript.<anonymous> (<anonymous>:1:44)
        at UtilityScript.evaluate (<anonymous>:313:16)
        at UtilityScript.<anonymous> (<anonymous>:1:44)
        at /Users/mai.thanh.dan/Desktop/Sun/AI/aidd/e2e/homepage.spec.ts:21:16

    Error Context: test-results/homepage-Homepage-SAA-—-Pu-4e0d6-ot-path-with-public-content-authed/error-context.md

    Retry #1 ───────────────────────────────────────────────────────────────────────────────────────

    Error: page.evaluate: SecurityError: Failed to read the 'localStorage' property from 'Window': Access is denied for this document.
        at UtilityScript.evaluate (<anonymous>:313:16)
        at UtilityScript.<anonymous> (<anonymous>:1:44)
        at UtilityScript.evaluate (<anonymous>:313:16)
        at UtilityScript.<anonymous> (<anonymous>:1:44)
        at /Users/mai.thanh.dan/Desktop/Sun/AI/aidd/e2e/homepage.spec.ts:21:16

    Error Context: test-results/homepage-Homepage-SAA-—-Pu-4e0d6-ot-path-with-public-content-authed-retry1/error-context.md

    attachment #2: trace (application/zip) ─────────────────────────────────────────────────────────
    test-results/homepage-Homepage-SAA-—-Pu-4e0d6-ot-path-with-public-content-authed-retry1/trace.zip
    Usage:

        npx playwright show-trace test-results/homepage-Homepage-SAA-—-Pu-4e0d6-ot-path-with-public-content-authed-retry1/trace.zip

    ────────────────────────────────────────────────────────────────────────────────────────────────


[48/141] [authed] › e2e/homepage.spec.ts:35:3 › Homepage SAA — Public View › ID-7: all major sections are present on the page
[49/141] (retries) [authed] › e2e/homepage.spec.ts:35:3 › Homepage SAA — Public View › ID-7: all major sections are present on the page (retry #1)
  8) [authed] › e2e/homepage.spec.ts:35:3 › Homepage SAA — Public View › ID-7: all major sections are present on the page 

    Error: page.evaluate: SecurityError: Failed to read the 'localStorage' property from 'Window': Access is denied for this document.
        at UtilityScript.evaluate (<anonymous>:313:16)
        at UtilityScript.<anonymous> (<anonymous>:1:44)
        at UtilityScript.evaluate (<anonymous>:313:16)
        at UtilityScript.<anonymous> (<anonymous>:1:44)
        at /Users/mai.thanh.dan/Desktop/Sun/AI/aidd/e2e/homepage.spec.ts:21:16

    Error Context: test-results/homepage-Homepage-SAA-—-Pu-5536d-ons-are-present-on-the-page-authed/error-context.md

    Retry #1 ───────────────────────────────────────────────────────────────────────────────────────

    Error: page.evaluate: SecurityError: Failed to read the 'localStorage' property from 'Window': Access is denied for this document.
        at UtilityScript.evaluate (<anonymous>:313:16)
        at UtilityScript.<anonymous> (<anonymous>:1:44)
        at UtilityScript.evaluate (<anonymous>:313:16)
        at UtilityScript.<anonymous> (<anonymous>:1:44)
        at /Users/mai.thanh.dan/Desktop/Sun/AI/aidd/e2e/homepage.spec.ts:21:16

    Error Context: test-results/homepage-Homepage-SAA-—-Pu-5536d-ons-are-present-on-the-page-authed-retry1/error-context.md

    attachment #2: trace (application/zip) ─────────────────────────────────────────────────────────
    test-results/homepage-Homepage-SAA-—-Pu-5536d-ons-are-present-on-the-page-authed-retry1/trace.zip
    Usage:

        npx playwright show-trace test-results/homepage-Homepage-SAA-—-Pu-5536d-ons-are-present-on-the-page-authed-retry1/trace.zip

    ────────────────────────────────────────────────────────────────────────────────────────────────


[50/141] [authed] › e2e/homepage.spec.ts:53:3 › Homepage SAA — Public View › ID-18: logo links to home (/)
[51/141] (retries) [authed] › e2e/homepage.spec.ts:53:3 › Homepage SAA — Public View › ID-18: logo links to home (/) (retry #1)
  9) [authed] › e2e/homepage.spec.ts:53:3 › Homepage SAA — Public View › ID-18: logo links to home (/) 

    Error: page.evaluate: SecurityError: Failed to read the 'localStorage' property from 'Window': Access is denied for this document.
        at UtilityScript.evaluate (<anonymous>:313:16)
        at UtilityScript.<anonymous> (<anonymous>:1:44)
        at UtilityScript.evaluate (<anonymous>:313:16)
        at UtilityScript.<anonymous> (<anonymous>:1:44)
        at /Users/mai.thanh.dan/Desktop/Sun/AI/aidd/e2e/homepage.spec.ts:21:16

    Error Context: test-results/homepage-Homepage-SAA-—-Pu-de2be-w-ID-18-logo-links-to-home--authed/error-context.md

    Retry #1 ───────────────────────────────────────────────────────────────────────────────────────

    Error: page.evaluate: SecurityError: Failed to read the 'localStorage' property from 'Window': Access is denied for this document.
        at UtilityScript.evaluate (<anonymous>:313:16)
        at UtilityScript.<anonymous> (<anonymous>:1:44)
        at UtilityScript.evaluate (<anonymous>:313:16)
        at UtilityScript.<anonymous> (<anonymous>:1:44)
        at /Users/mai.thanh.dan/Desktop/Sun/AI/aidd/e2e/homepage.spec.ts:21:16

    Error Context: test-results/homepage-Homepage-SAA-—-Pu-de2be-w-ID-18-logo-links-to-home--authed-retry1/error-context.md

    attachment #2: trace (application/zip) ─────────────────────────────────────────────────────────
    test-results/homepage-Homepage-SAA-—-Pu-de2be-w-ID-18-logo-links-to-home--authed-retry1/trace.zip
    Usage:

        npx playwright show-trace test-results/homepage-Homepage-SAA-—-Pu-de2be-w-ID-18-logo-links-to-home--authed-retry1/trace.zip

    ────────────────────────────────────────────────────────────────────────────────────────────────


[52/141] [authed] › e2e/homepage.spec.ts:62:3 › Homepage SAA — Public View › ID-10: language selector displays "VN" label
[53/141] (retries) [authed] › e2e/homepage.spec.ts:62:3 › Homepage SAA — Public View › ID-10: language selector displays "VN" label (retry #1)
  10) [authed] › e2e/homepage.spec.ts:62:3 › Homepage SAA — Public View › ID-10: language selector displays "VN" label 

    Error: page.evaluate: SecurityError: Failed to read the 'localStorage' property from 'Window': Access is denied for this document.
        at UtilityScript.evaluate (<anonymous>:313:16)
        at UtilityScript.<anonymous> (<anonymous>:1:44)
        at UtilityScript.evaluate (<anonymous>:313:16)
        at UtilityScript.<anonymous> (<anonymous>:1:44)
        at /Users/mai.thanh.dan/Desktop/Sun/AI/aidd/e2e/homepage.spec.ts:21:16

    Error Context: test-results/homepage-Homepage-SAA-—-Pu-8a929--selector-displays-VN-label-authed/error-context.md

    Retry #1 ───────────────────────────────────────────────────────────────────────────────────────

    Error: page.evaluate: SecurityError: Failed to read the 'localStorage' property from 'Window': Access is denied for this document.
        at UtilityScript.evaluate (<anonymous>:313:16)
        at UtilityScript.<anonymous> (<anonymous>:1:44)
        at UtilityScript.evaluate (<anonymous>:313:16)
        at UtilityScript.<anonymous> (<anonymous>:1:44)
        at /Users/mai.thanh.dan/Desktop/Sun/AI/aidd/e2e/homepage.spec.ts:21:16

    Error Context: test-results/homepage-Homepage-SAA-—-Pu-8a929--selector-displays-VN-label-authed-retry1/error-context.md

    attachment #2: trace (application/zip) ─────────────────────────────────────────────────────────
    test-results/homepage-Homepage-SAA-—-Pu-8a929--selector-displays-VN-label-authed-retry1/trace.zip
    Usage:

        npx playwright show-trace test-results/homepage-Homepage-SAA-—-Pu-8a929--selector-displays-VN-label-authed-retry1/trace.zip

    ────────────────────────────────────────────────────────────────────────────────────────────────


  11) [authed] › e2e/board.spec.ts:39:3 › Live Board /board (Authenticated) › TC-BOARD-02: KV banner (key visual) renders above feed 

    Error: expect(locator).toBeVisible() failed

    Locator: getByRole('heading', { name: /Hệ thống ghi nhận lời cảm ơn/i })
    Expected: visible
    Timeout: 10000ms
    Error: element(s) not found

    Call log:
      - Expect "toBeVisible" with timeout 10000ms
      - waiting for getByRole('heading', { name: /Hệ thống ghi nhận lời cảm ơn/i })


      40 |     // KV banner contains the main heading "Hệ thống ghi nhận lời cảm ơn"
      41 |     const bannerHeading = page.getByRole('heading', { name: /Hệ thống ghi nhận lời cảm ơn/i })
    > 42 |     await expect(bannerHeading).toBeVisible({ timeout: 10_000 })
         |                                 ^
      43 |   })
      44 |
      45 |   test('TC-BOARD-03: write input section visible (Viết Kudo CTA)', async ({ page }) => {
        at /Users/mai.thanh.dan/Desktop/Sun/AI/aidd/e2e/board.spec.ts:42:33

    Error Context: test-results/board-Live-Board-board-Aut-21294-y-visual-renders-above-feed-authed/error-context.md

    Retry #1 ───────────────────────────────────────────────────────────────────────────────────────

    Error: expect(locator).toBeVisible() failed

    Locator: getByRole('heading', { name: /Hệ thống ghi nhận lời cảm ơn/i })
    Expected: visible
    Timeout: 10000ms
    Error: element(s) not found

    Call log:
      - Expect "toBeVisible" with timeout 10000ms
      - waiting for getByRole('heading', { name: /Hệ thống ghi nhận lời cảm ơn/i })


      40 |     // KV banner contains the main heading "Hệ thống ghi nhận lời cảm ơn"
      41 |     const bannerHeading = page.getByRole('heading', { name: /Hệ thống ghi nhận lời cảm ơn/i })
    > 42 |     await expect(bannerHeading).toBeVisible({ timeout: 10_000 })
         |                                 ^
      43 |   })
      44 |
      45 |   test('TC-BOARD-03: write input section visible (Viết Kudo CTA)', async ({ page }) => {
        at /Users/mai.thanh.dan/Desktop/Sun/AI/aidd/e2e/board.spec.ts:42:33

    Error Context: test-results/board-Live-Board-board-Aut-21294-y-visual-renders-above-feed-authed-retry1/error-context.md

    attachment #2: trace (application/zip) ─────────────────────────────────────────────────────────
    test-results/board-Live-Board-board-Aut-21294-y-visual-renders-above-feed-authed-retry1/trace.zip
    Usage:

        npx playwright show-trace test-results/board-Live-Board-board-Aut-21294-y-visual-renders-above-feed-authed-retry1/trace.zip

    ────────────────────────────────────────────────────────────────────────────────────────────────


[54/141] [authed] › e2e/homepage.spec.ts:72:8 › Homepage SAA — Public View › ID-25, 26: language dropdown has VN/EN options (E2E interaction)
[55/141] [authed] › e2e/homepage.spec.ts:67:3 › Homepage SAA — Public View › ID-24: language selector shows flag icon
[56/141] [authed] › e2e/homepage.spec.ts:85:3 › Homepage SAA — Public View › ID-0: public header has NO bell button
[57/141] (retries) [authed] › e2e/homepage.spec.ts:67:3 › Homepage SAA — Public View › ID-24: language selector shows flag icon (retry #1)
[58/141] (retries) [authed] › e2e/homepage.spec.ts:85:3 › Homepage SAA — Public View › ID-0: public header has NO bell button (retry #1)
  12) [authed] › e2e/homepage.spec.ts:67:3 › Homepage SAA — Public View › ID-24: language selector shows flag icon 

    Error: page.evaluate: SecurityError: Failed to read the 'localStorage' property from 'Window': Access is denied for this document.
        at UtilityScript.evaluate (<anonymous>:313:16)
        at UtilityScript.<anonymous> (<anonymous>:1:44)
        at UtilityScript.evaluate (<anonymous>:313:16)
        at UtilityScript.<anonymous> (<anonymous>:1:44)
        at /Users/mai.thanh.dan/Desktop/Sun/AI/aidd/e2e/homepage.spec.ts:21:16

    Error Context: test-results/homepage-Homepage-SAA-—-Pu-99b5b-ge-selector-shows-flag-icon-authed/error-context.md

    Retry #1 ───────────────────────────────────────────────────────────────────────────────────────

    Error: page.evaluate: SecurityError: Failed to read the 'localStorage' property from 'Window': Access is denied for this document.
        at UtilityScript.evaluate (<anonymous>:313:16)
        at UtilityScript.<anonymous> (<anonymous>:1:44)
        at UtilityScript.evaluate (<anonymous>:313:16)
        at UtilityScript.<anonymous> (<anonymous>:1:44)
        at /Users/mai.thanh.dan/Desktop/Sun/AI/aidd/e2e/homepage.spec.ts:21:16

    Error Context: test-results/homepage-Homepage-SAA-—-Pu-99b5b-ge-selector-shows-flag-icon-authed-retry1/error-context.md

    attachment #2: trace (application/zip) ─────────────────────────────────────────────────────────
    test-results/homepage-Homepage-SAA-—-Pu-99b5b-ge-selector-shows-flag-icon-authed-retry1/trace.zip
    Usage:

        npx playwright show-trace test-results/homepage-Homepage-SAA-—-Pu-99b5b-ge-selector-shows-flag-icon-authed-retry1/trace.zip

    ────────────────────────────────────────────────────────────────────────────────────────────────


  13) [authed] › e2e/homepage.spec.ts:85:3 › Homepage SAA — Public View › ID-0: public header has NO bell button 

    Error: page.evaluate: SecurityError: Failed to read the 'localStorage' property from 'Window': Access is denied for this document.
        at UtilityScript.evaluate (<anonymous>:313:16)
        at UtilityScript.<anonymous> (<anonymous>:1:44)
        at UtilityScript.evaluate (<anonymous>:313:16)
        at UtilityScript.<anonymous> (<anonymous>:1:44)
        at /Users/mai.thanh.dan/Desktop/Sun/AI/aidd/e2e/homepage.spec.ts:21:16

    Error Context: test-results/homepage-Homepage-SAA-—-Pu-6a116-c-header-has-NO-bell-button-authed/error-context.md

    Retry #1 ───────────────────────────────────────────────────────────────────────────────────────

    Error: page.evaluate: SecurityError: Failed to read the 'localStorage' property from 'Window': Access is denied for this document.
        at UtilityScript.evaluate (<anonymous>:313:16)
        at UtilityScript.<anonymous> (<anonymous>:1:44)
        at UtilityScript.evaluate (<anonymous>:313:16)
        at UtilityScript.<anonymous> (<anonymous>:1:44)
        at /Users/mai.thanh.dan/Desktop/Sun/AI/aidd/e2e/homepage.spec.ts:21:16

    Error Context: test-results/homepage-Homepage-SAA-—-Pu-6a116-c-header-has-NO-bell-button-authed-retry1/error-context.md

    attachment #2: trace (application/zip) ─────────────────────────────────────────────────────────
    test-results/homepage-Homepage-SAA-—-Pu-6a116-c-header-has-NO-bell-button-authed-retry1/trace.zip
    Usage:

        npx playwright show-trace test-results/homepage-Homepage-SAA-—-Pu-6a116-c-header-has-NO-bell-button-authed-retry1/trace.zip

    ────────────────────────────────────────────────────────────────────────────────────────────────


[59/141] [authed] › e2e/homepage.spec.ts:91:3 › Homepage SAA — Public View › public header shows Sign in link instead of account menu
[60/141] [authed] › e2e/homepage.spec.ts:96:3 › Homepage SAA — Public View › ID-12: "Comming soon" label is visible
[61/141] (retries) [authed] › e2e/homepage.spec.ts:91:3 › Homepage SAA — Public View › public header shows Sign in link instead of account menu (retry #1)
[62/141] (retries) [authed] › e2e/homepage.spec.ts:96:3 › Homepage SAA — Public View › ID-12: "Comming soon" label is visible (retry #1)
  14) [authed] › e2e/homepage.spec.ts:91:3 › Homepage SAA — Public View › public header shows Sign in link instead of account menu 

    Error: page.evaluate: SecurityError: Failed to read the 'localStorage' property from 'Window': Access is denied for this document.
        at UtilityScript.evaluate (<anonymous>:313:16)
        at UtilityScript.<anonymous> (<anonymous>:1:44)
        at UtilityScript.evaluate (<anonymous>:313:16)
        at UtilityScript.<anonymous> (<anonymous>:1:44)
        at /Users/mai.thanh.dan/Desktop/Sun/AI/aidd/e2e/homepage.spec.ts:21:16

    Error Context: test-results/homepage-Homepage-SAA-—-Pu-72958-ink-instead-of-account-menu-authed/error-context.md

    Retry #1 ───────────────────────────────────────────────────────────────────────────────────────

    Error: page.evaluate: SecurityError: Failed to read the 'localStorage' property from 'Window': Access is denied for this document.
        at UtilityScript.evaluate (<anonymous>:313:16)
        at UtilityScript.<anonymous> (<anonymous>:1:44)
        at UtilityScript.evaluate (<anonymous>:313:16)
        at UtilityScript.<anonymous> (<anonymous>:1:44)
        at /Users/mai.thanh.dan/Desktop/Sun/AI/aidd/e2e/homepage.spec.ts:21:16

    Error Context: test-results/homepage-Homepage-SAA-—-Pu-72958-ink-instead-of-account-menu-authed-retry1/error-context.md

    attachment #2: trace (application/zip) ─────────────────────────────────────────────────────────
    test-results/homepage-Homepage-SAA-—-Pu-72958-ink-instead-of-account-menu-authed-retry1/trace.zip
    Usage:

        npx playwright show-trace test-results/homepage-Homepage-SAA-—-Pu-72958-ink-instead-of-account-menu-authed-retry1/trace.zip

    ────────────────────────────────────────────────────────────────────────────────────────────────


  15) [authed] › e2e/homepage.spec.ts:96:3 › Homepage SAA — Public View › ID-12: "Comming soon" label is visible 

    Error: page.evaluate: SecurityError: Failed to read the 'localStorage' property from 'Window': Access is denied for this document.
        at UtilityScript.evaluate (<anonymous>:313:16)
        at UtilityScript.<anonymous> (<anonymous>:1:44)
        at UtilityScript.evaluate (<anonymous>:313:16)
        at UtilityScript.<anonymous> (<anonymous>:1:44)
        at /Users/mai.thanh.dan/Desktop/Sun/AI/aidd/e2e/homepage.spec.ts:21:16

    Error Context: test-results/homepage-Homepage-SAA-—-Pu-4954f-mming-soon-label-is-visible-authed/error-context.md

    Retry #1 ───────────────────────────────────────────────────────────────────────────────────────

    Error: page.evaluate: SecurityError: Failed to read the 'localStorage' property from 'Window': Access is denied for this document.
        at UtilityScript.evaluate (<anonymous>:313:16)
        at UtilityScript.<anonymous> (<anonymous>:1:44)
        at UtilityScript.evaluate (<anonymous>:313:16)
        at UtilityScript.<anonymous> (<anonymous>:1:44)
        at /Users/mai.thanh.dan/Desktop/Sun/AI/aidd/e2e/homepage.spec.ts:21:16

    Error Context: test-results/homepage-Homepage-SAA-—-Pu-4954f-mming-soon-label-is-visible-authed-retry1/error-context.md

    attachment #2: trace (application/zip) ─────────────────────────────────────────────────────────
    test-results/homepage-Homepage-SAA-—-Pu-4954f-mming-soon-label-is-visible-authed-retry1/trace.zip
    Usage:

        npx playwright show-trace test-results/homepage-Homepage-SAA-—-Pu-4954f-mming-soon-label-is-visible-authed-retry1/trace.zip

    ────────────────────────────────────────────────────────────────────────────────────────────────


[63/141] [authed] › e2e/homepage.spec.ts:101:3 › Homepage SAA — Public View › ID-13: countdown displays 3 units (Days, Hours, Minutes)
[64/141] [authed] › e2e/homepage.spec.ts:111:3 › Homepage SAA — Public View › ID-40: countdown values are 2-digit padded (e.g., "03", "00")
[65/141] (retries) [authed] › e2e/homepage.spec.ts:111:3 › Homepage SAA — Public View › ID-40: countdown values are 2-digit padded (e.g., "03", "00") (retry #1)
[66/141] (retries) [authed] › e2e/homepage.spec.ts:101:3 › Homepage SAA — Public View › ID-13: countdown displays 3 units (Days, Hours, Minutes) (retry #1)
  16) [authed] › e2e/homepage.spec.ts:101:3 › Homepage SAA — Public View › ID-13: countdown displays 3 units (Days, Hours, Minutes) 

    Error: page.evaluate: SecurityError: Failed to read the 'localStorage' property from 'Window': Access is denied for this document.
        at UtilityScript.evaluate (<anonymous>:313:16)
        at UtilityScript.<anonymous> (<anonymous>:1:44)
        at UtilityScript.evaluate (<anonymous>:313:16)
        at UtilityScript.<anonymous> (<anonymous>:1:44)
        at /Users/mai.thanh.dan/Desktop/Sun/AI/aidd/e2e/homepage.spec.ts:21:16

    Error Context: test-results/homepage-Homepage-SAA-—-Pu-ba738-3-units-Days-Hours-Minutes--authed/error-context.md

    Retry #1 ───────────────────────────────────────────────────────────────────────────────────────

    Error: page.evaluate: SecurityError: Failed to read the 'localStorage' property from 'Window': Access is denied for this document.
        at UtilityScript.evaluate (<anonymous>:313:16)
        at UtilityScript.<anonymous> (<anonymous>:1:44)
        at UtilityScript.evaluate (<anonymous>:313:16)
        at UtilityScript.<anonymous> (<anonymous>:1:44)
        at /Users/mai.thanh.dan/Desktop/Sun/AI/aidd/e2e/homepage.spec.ts:21:16

    Error Context: test-results/homepage-Homepage-SAA-—-Pu-ba738-3-units-Days-Hours-Minutes--authed-retry1/error-context.md

    attachment #2: trace (application/zip) ─────────────────────────────────────────────────────────
    test-results/homepage-Homepage-SAA-—-Pu-ba738-3-units-Days-Hours-Minutes--authed-retry1/trace.zip
    Usage:

        npx playwright show-trace test-results/homepage-Homepage-SAA-—-Pu-ba738-3-units-Days-Hours-Minutes--authed-retry1/trace.zip

    ────────────────────────────────────────────────────────────────────────────────────────────────


  17) [authed] › e2e/homepage.spec.ts:111:3 › Homepage SAA — Public View › ID-40: countdown values are 2-digit padded (e.g., "03", "00") 

    Error: page.evaluate: SecurityError: Failed to read the 'localStorage' property from 'Window': Access is denied for this document.
        at UtilityScript.evaluate (<anonymous>:313:16)
        at UtilityScript.<anonymous> (<anonymous>:1:44)
        at UtilityScript.evaluate (<anonymous>:313:16)
        at UtilityScript.<anonymous> (<anonymous>:1:44)
        at /Users/mai.thanh.dan/Desktop/Sun/AI/aidd/e2e/homepage.spec.ts:21:16

    Error Context: test-results/homepage-Homepage-SAA-—-Pu-56d2e-e-2-digit-padded-e-g-03-00--authed/error-context.md

    Retry #1 ───────────────────────────────────────────────────────────────────────────────────────

    Error: page.evaluate: SecurityError: Failed to read the 'localStorage' property from 'Window': Access is denied for this document.
        at UtilityScript.evaluate (<anonymous>:313:16)
        at UtilityScript.<anonymous> (<anonymous>:1:44)
        at UtilityScript.evaluate (<anonymous>:313:16)
        at UtilityScript.<anonymous> (<anonymous>:1:44)
        at /Users/mai.thanh.dan/Desktop/Sun/AI/aidd/e2e/homepage.spec.ts:21:16

    Error Context: test-results/homepage-Homepage-SAA-—-Pu-56d2e-e-2-digit-padded-e-g-03-00--authed-retry1/error-context.md

    attachment #2: trace (application/zip) ─────────────────────────────────────────────────────────
    test-results/homepage-Homepage-SAA-—-Pu-56d2e-e-2-digit-padded-e-g-03-00--authed-retry1/trace.zip
    Usage:

        npx playwright show-trace test-results/homepage-Homepage-SAA-—-Pu-56d2e-e-2-digit-padded-e-g-03-00--authed-retry1/trace.zip

    ────────────────────────────────────────────────────────────────────────────────────────────────


[67/141] [authed] › e2e/homepage.spec.ts:125:3 › Homepage SAA — Public View › ID-44: "ABOUT AWARDS" CTA navigates to /awards
[68/141] [authed] › e2e/homepage.spec.ts:133:3 › Homepage SAA — Public View › ID-45: "ABOUT KUDOS" CTA navigates to /kudos
[69/141] (retries) [authed] › e2e/homepage.spec.ts:133:3 › Homepage SAA — Public View › ID-45: "ABOUT KUDOS" CTA navigates to /kudos (retry #1)
[70/141] (retries) [authed] › e2e/homepage.spec.ts:125:3 › Homepage SAA — Public View › ID-44: "ABOUT AWARDS" CTA navigates to /awards (retry #1)
  18) [authed] › e2e/homepage.spec.ts:125:3 › Homepage SAA — Public View › ID-44: "ABOUT AWARDS" CTA navigates to /awards 

    Error: page.evaluate: SecurityError: Failed to read the 'localStorage' property from 'Window': Access is denied for this document.
        at UtilityScript.evaluate (<anonymous>:313:16)
        at UtilityScript.<anonymous> (<anonymous>:1:44)
        at UtilityScript.evaluate (<anonymous>:313:16)
        at UtilityScript.<anonymous> (<anonymous>:1:44)
        at /Users/mai.thanh.dan/Desktop/Sun/AI/aidd/e2e/homepage.spec.ts:21:16

    Error Context: test-results/homepage-Homepage-SAA-—-Pu-e2219-RDS-CTA-navigates-to-awards-authed/error-context.md

    Retry #1 ───────────────────────────────────────────────────────────────────────────────────────

    Error: page.evaluate: SecurityError: Failed to read the 'localStorage' property from 'Window': Access is denied for this document.
        at UtilityScript.evaluate (<anonymous>:313:16)
        at UtilityScript.<anonymous> (<anonymous>:1:44)
        at UtilityScript.evaluate (<anonymous>:313:16)
        at UtilityScript.<anonymous> (<anonymous>:1:44)
        at /Users/mai.thanh.dan/Desktop/Sun/AI/aidd/e2e/homepage.spec.ts:21:16

    Error Context: test-results/homepage-Homepage-SAA-—-Pu-e2219-RDS-CTA-navigates-to-awards-authed-retry1/error-context.md

    attachment #2: trace (application/zip) ─────────────────────────────────────────────────────────
    test-results/homepage-Homepage-SAA-—-Pu-e2219-RDS-CTA-navigates-to-awards-authed-retry1/trace.zip
    Usage:

        npx playwright show-trace test-results/homepage-Homepage-SAA-—-Pu-e2219-RDS-CTA-navigates-to-awards-authed-retry1/trace.zip

    ────────────────────────────────────────────────────────────────────────────────────────────────


  19) [authed] › e2e/homepage.spec.ts:133:3 › Homepage SAA — Public View › ID-45: "ABOUT KUDOS" CTA navigates to /kudos 

    Error: page.evaluate: SecurityError: Failed to read the 'localStorage' property from 'Window': Access is denied for this document.
        at UtilityScript.evaluate (<anonymous>:313:16)
        at UtilityScript.<anonymous> (<anonymous>:1:44)
        at UtilityScript.evaluate (<anonymous>:313:16)
        at UtilityScript.<anonymous> (<anonymous>:1:44)
        at /Users/mai.thanh.dan/Desktop/Sun/AI/aidd/e2e/homepage.spec.ts:21:16

    Error Context: test-results/homepage-Homepage-SAA-—-Pu-1f026-UDOS-CTA-navigates-to-kudos-authed/error-context.md

    Retry #1 ───────────────────────────────────────────────────────────────────────────────────────

    Error: page.evaluate: SecurityError: Failed to read the 'localStorage' property from 'Window': Access is denied for this document.
        at UtilityScript.evaluate (<anonymous>:313:16)
        at UtilityScript.<anonymous> (<anonymous>:1:44)
        at UtilityScript.evaluate (<anonymous>:313:16)
        at UtilityScript.<anonymous> (<anonymous>:1:44)
        at /Users/mai.thanh.dan/Desktop/Sun/AI/aidd/e2e/homepage.spec.ts:21:16

    Error Context: test-results/homepage-Homepage-SAA-—-Pu-1f026-UDOS-CTA-navigates-to-kudos-authed-retry1/error-context.md

    attachment #2: trace (application/zip) ─────────────────────────────────────────────────────────
    test-results/homepage-Homepage-SAA-—-Pu-1f026-UDOS-CTA-navigates-to-kudos-authed-retry1/trace.zip
    Usage:

        npx playwright show-trace test-results/homepage-Homepage-SAA-—-Pu-1f026-UDOS-CTA-navigates-to-kudos-authed-retry1/trace.zip

    ────────────────────────────────────────────────────────────────────────────────────────────────


[71/141] [authed] › e2e/homepage.spec.ts:141:3 › Homepage SAA — Public View › renders event info (date, venue, livestream)
[72/141] [authed] › e2e/homepage.spec.ts:149:3 › Homepage SAA — Public View › renders Root Further section content
[73/141] (retries) [authed] › e2e/homepage.spec.ts:141:3 › Homepage SAA — Public View › renders event info (date, venue, livestream) (retry #1)
[74/141] (retries) [authed] › e2e/homepage.spec.ts:149:3 › Homepage SAA — Public View › renders Root Further section content (retry #1)
  20) [authed] › e2e/homepage.spec.ts:141:3 › Homepage SAA — Public View › renders event info (date, venue, livestream) 

    Error: page.evaluate: SecurityError: Failed to read the 'localStorage' property from 'Window': Access is denied for this document.
        at UtilityScript.evaluate (<anonymous>:313:16)
        at UtilityScript.<anonymous> (<anonymous>:1:44)
        at UtilityScript.evaluate (<anonymous>:313:16)
        at UtilityScript.<anonymous> (<anonymous>:1:44)
        at /Users/mai.thanh.dan/Desktop/Sun/AI/aidd/e2e/homepage.spec.ts:21:16

    Error Context: test-results/homepage-Homepage-SAA-—-Pu-7ed17-info-date-venue-livestream--authed/error-context.md

    Retry #1 ───────────────────────────────────────────────────────────────────────────────────────

    Error: page.evaluate: SecurityError: Failed to read the 'localStorage' property from 'Window': Access is denied for this document.
        at UtilityScript.evaluate (<anonymous>:313:16)
        at UtilityScript.<anonymous> (<anonymous>:1:44)
        at UtilityScript.evaluate (<anonymous>:313:16)
        at UtilityScript.<anonymous> (<anonymous>:1:44)
        at /Users/mai.thanh.dan/Desktop/Sun/AI/aidd/e2e/homepage.spec.ts:21:16

    Error Context: test-results/homepage-Homepage-SAA-—-Pu-7ed17-info-date-venue-livestream--authed-retry1/error-context.md

    attachment #2: trace (application/zip) ─────────────────────────────────────────────────────────
    test-results/homepage-Homepage-SAA-—-Pu-7ed17-info-date-venue-livestream--authed-retry1/trace.zip
    Usage:

        npx playwright show-trace test-results/homepage-Homepage-SAA-—-Pu-7ed17-info-date-venue-livestream--authed-retry1/trace.zip

    ────────────────────────────────────────────────────────────────────────────────────────────────


  21) [authed] › e2e/homepage.spec.ts:149:3 › Homepage SAA — Public View › renders Root Further section content 

    Error: page.evaluate: SecurityError: Failed to read the 'localStorage' property from 'Window': Access is denied for this document.
        at UtilityScript.evaluate (<anonymous>:313:16)
        at UtilityScript.<anonymous> (<anonymous>:1:44)
        at UtilityScript.evaluate (<anonymous>:313:16)
        at UtilityScript.<anonymous> (<anonymous>:1:44)
        at /Users/mai.thanh.dan/Desktop/Sun/AI/aidd/e2e/homepage.spec.ts:21:16

    Error Context: test-results/homepage-Homepage-SAA-—-Pu-b26da-oot-Further-section-content-authed/error-context.md

    Retry #1 ───────────────────────────────────────────────────────────────────────────────────────

    Error: page.evaluate: SecurityError: Failed to read the 'localStorage' property from 'Window': Access is denied for this document.
        at UtilityScript.evaluate (<anonymous>:313:16)
        at UtilityScript.<anonymous> (<anonymous>:1:44)
        at UtilityScript.evaluate (<anonymous>:313:16)
        at UtilityScript.<anonymous> (<anonymous>:1:44)
        at /Users/mai.thanh.dan/Desktop/Sun/AI/aidd/e2e/homepage.spec.ts:21:16

    Error Context: test-results/homepage-Homepage-SAA-—-Pu-b26da-oot-Further-section-content-authed-retry1/error-context.md

    attachment #2: trace (application/zip) ─────────────────────────────────────────────────────────
    test-results/homepage-Homepage-SAA-—-Pu-b26da-oot-Further-section-content-authed-retry1/trace.zip
    Usage:

        npx playwright show-trace test-results/homepage-Homepage-SAA-—-Pu-b26da-oot-Further-section-content-authed-retry1/trace.zip

    ────────────────────────────────────────────────────────────────────────────────────────────────


[75/141] [authed] › e2e/homepage.spec.ts:154:3 › Homepage SAA — Public View › ID-H3: FAB (Viết Kudo) is NOT visible for anonymous visitors
[76/141] [authed] › e2e/homepage.spec.ts:160:3 › Homepage SAA — Public View › ID-15: grid renders multiple award cards
[77/141] (retries) [authed] › e2e/homepage.spec.ts:160:3 › Homepage SAA — Public View › ID-15: grid renders multiple award cards (retry #1)
[78/141] (retries) [authed] › e2e/homepage.spec.ts:154:3 › Homepage SAA — Public View › ID-H3: FAB (Viết Kudo) is NOT visible for anonymous visitors (retry #1)
  22) [authed] › e2e/homepage.spec.ts:154:3 › Homepage SAA — Public View › ID-H3: FAB (Viết Kudo) is NOT visible for anonymous visitors 

    Error: page.evaluate: SecurityError: Failed to read the 'localStorage' property from 'Window': Access is denied for this document.
        at UtilityScript.evaluate (<anonymous>:313:16)
        at UtilityScript.<anonymous> (<anonymous>:1:44)
        at UtilityScript.evaluate (<anonymous>:313:16)
        at UtilityScript.<anonymous> (<anonymous>:1:44)
        at /Users/mai.thanh.dan/Desktop/Sun/AI/aidd/e2e/homepage.spec.ts:21:16

    Error Context: test-results/homepage-Homepage-SAA-—-Pu-a6951-ible-for-anonymous-visitors-authed/error-context.md

    Retry #1 ───────────────────────────────────────────────────────────────────────────────────────

    Error: page.evaluate: SecurityError: Failed to read the 'localStorage' property from 'Window': Access is denied for this document.
        at UtilityScript.evaluate (<anonymous>:313:16)
        at UtilityScript.<anonymous> (<anonymous>:1:44)
        at UtilityScript.evaluate (<anonymous>:313:16)
        at UtilityScript.<anonymous> (<anonymous>:1:44)
        at /Users/mai.thanh.dan/Desktop/Sun/AI/aidd/e2e/homepage.spec.ts:21:16

    Error Context: test-results/homepage-Homepage-SAA-—-Pu-a6951-ible-for-anonymous-visitors-authed-retry1/error-context.md

    attachment #2: trace (application/zip) ─────────────────────────────────────────────────────────
    test-results/homepage-Homepage-SAA-—-Pu-a6951-ible-for-anonymous-visitors-authed-retry1/trace.zip
    Usage:

        npx playwright show-trace test-results/homepage-Homepage-SAA-—-Pu-a6951-ible-for-anonymous-visitors-authed-retry1/trace.zip

    ────────────────────────────────────────────────────────────────────────────────────────────────


  23) [authed] › e2e/homepage.spec.ts:160:3 › Homepage SAA — Public View › ID-15: grid renders multiple award cards 

    Error: page.evaluate: SecurityError: Failed to read the 'localStorage' property from 'Window': Access is denied for this document.
        at UtilityScript.evaluate (<anonymous>:313:16)
        at UtilityScript.<anonymous> (<anonymous>:1:44)
        at UtilityScript.evaluate (<anonymous>:313:16)
        at UtilityScript.<anonymous> (<anonymous>:1:44)
        at /Users/mai.thanh.dan/Desktop/Sun/AI/aidd/e2e/homepage.spec.ts:21:16

    Error Context: test-results/homepage-Homepage-SAA-—-Pu-9432e-enders-multiple-award-cards-authed/error-context.md

    Retry #1 ───────────────────────────────────────────────────────────────────────────────────────

    Error: page.evaluate: SecurityError: Failed to read the 'localStorage' property from 'Window': Access is denied for this document.
        at UtilityScript.evaluate (<anonymous>:313:16)
        at UtilityScript.<anonymous> (<anonymous>:1:44)
        at UtilityScript.evaluate (<anonymous>:313:16)
        at UtilityScript.<anonymous> (<anonymous>:1:44)
        at /Users/mai.thanh.dan/Desktop/Sun/AI/aidd/e2e/homepage.spec.ts:21:16

    Error Context: test-results/homepage-Homepage-SAA-—-Pu-9432e-enders-multiple-award-cards-authed-retry1/error-context.md

    attachment #2: trace (application/zip) ─────────────────────────────────────────────────────────
    test-results/homepage-Homepage-SAA-—-Pu-9432e-enders-multiple-award-cards-authed-retry1/trace.zip
    Usage:

        npx playwright show-trace test-results/homepage-Homepage-SAA-—-Pu-9432e-enders-multiple-award-cards-authed-retry1/trace.zip

    ────────────────────────────────────────────────────────────────────────────────────────────────


[79/141] [authed] › e2e/homepage.spec.ts:169:3 › Homepage SAA — Public View › ID-47–50: each award card links to /awards#{slug}
[80/141] [authed] › e2e/homepage.spec.ts:180:3 › Homepage SAA — Public View › ID-52: award cards display title, description, and "Chi tiết" link
[81/141] (retries) [authed] › e2e/homepage.spec.ts:180:3 › Homepage SAA — Public View › ID-52: award cards display title, description, and "Chi tiết" link (retry #1)
[82/141] (retries) [authed] › e2e/homepage.spec.ts:169:3 › Homepage SAA — Public View › ID-47–50: each award card links to /awards#{slug} (retry #1)
  24) [authed] › e2e/homepage.spec.ts:180:3 › Homepage SAA — Public View › ID-52: award cards display title, description, and "Chi tiết" link 

    Error: page.evaluate: SecurityError: Failed to read the 'localStorage' property from 'Window': Access is denied for this document.
        at UtilityScript.evaluate (<anonymous>:313:16)
        at UtilityScript.<anonymous> (<anonymous>:1:44)
        at UtilityScript.evaluate (<anonymous>:313:16)
        at UtilityScript.<anonymous> (<anonymous>:1:44)
        at /Users/mai.thanh.dan/Desktop/Sun/AI/aidd/e2e/homepage.spec.ts:21:16

    Error Context: test-results/homepage-Homepage-SAA-—-Pu-8f9d4-scription-and-Chi-tiết-link-authed/error-context.md

    Retry #1 ───────────────────────────────────────────────────────────────────────────────────────

    Error: page.evaluate: SecurityError: Failed to read the 'localStorage' property from 'Window': Access is denied for this document.
        at UtilityScript.evaluate (<anonymous>:313:16)
        at UtilityScript.<anonymous> (<anonymous>:1:44)
        at UtilityScript.evaluate (<anonymous>:313:16)
        at UtilityScript.<anonymous> (<anonymous>:1:44)
        at /Users/mai.thanh.dan/Desktop/Sun/AI/aidd/e2e/homepage.spec.ts:21:16

    Error Context: test-results/homepage-Homepage-SAA-—-Pu-8f9d4-scription-and-Chi-tiết-link-authed-retry1/error-context.md

    attachment #2: trace (application/zip) ─────────────────────────────────────────────────────────
    test-results/homepage-Homepage-SAA-—-Pu-8f9d4-scription-and-Chi-tiết-link-authed-retry1/trace.zip
    Usage:

        npx playwright show-trace test-results/homepage-Homepage-SAA-—-Pu-8f9d4-scription-and-Chi-tiết-link-authed-retry1/trace.zip

    ────────────────────────────────────────────────────────────────────────────────────────────────


  25) [authed] › e2e/homepage.spec.ts:169:3 › Homepage SAA — Public View › ID-47–50: each award card links to /awards#{slug} 

    Error: page.evaluate: SecurityError: Failed to read the 'localStorage' property from 'Window': Access is denied for this document.
        at UtilityScript.evaluate (<anonymous>:313:16)
        at UtilityScript.<anonymous> (<anonymous>:1:44)
        at UtilityScript.evaluate (<anonymous>:313:16)
        at UtilityScript.<anonymous> (<anonymous>:1:44)
        at /Users/mai.thanh.dan/Desktop/Sun/AI/aidd/e2e/homepage.spec.ts:21:16

    Error Context: test-results/homepage-Homepage-SAA-—-Pu-608b4--card-links-to-awards-slug--authed/error-context.md

    Retry #1 ───────────────────────────────────────────────────────────────────────────────────────

    Error: page.evaluate: SecurityError: Failed to read the 'localStorage' property from 'Window': Access is denied for this document.
        at UtilityScript.evaluate (<anonymous>:313:16)
        at UtilityScript.<anonymous> (<anonymous>:1:44)
        at UtilityScript.evaluate (<anonymous>:313:16)
        at UtilityScript.<anonymous> (<anonymous>:1:44)
        at /Users/mai.thanh.dan/Desktop/Sun/AI/aidd/e2e/homepage.spec.ts:21:16

    Error Context: test-results/homepage-Homepage-SAA-—-Pu-608b4--card-links-to-awards-slug--authed-retry1/error-context.md

    attachment #2: trace (application/zip) ─────────────────────────────────────────────────────────
    test-results/homepage-Homepage-SAA-—-Pu-608b4--card-links-to-awards-slug--authed-retry1/trace.zip
    Usage:

        npx playwright show-trace test-results/homepage-Homepage-SAA-—-Pu-608b4--card-links-to-awards-slug--authed-retry1/trace.zip

    ────────────────────────────────────────────────────────────────────────────────────────────────


[83/141] [authed] › e2e/homepage.spec.ts:193:3 › Homepage SAA — Public View › ID-16: grid is responsive (3 cols on desktop, 2 on tablet, 1 on mobile)
[84/141] [authed] › e2e/homepage.spec.ts:215:3 › Homepage SAA — Public View › awards section has proper heading
[85/141] (retries) [authed] › e2e/homepage.spec.ts:215:3 › Homepage SAA — Public View › awards section has proper heading (retry #1)
[86/141] (retries) [authed] › e2e/homepage.spec.ts:193:3 › Homepage SAA — Public View › ID-16: grid is responsive (3 cols on desktop, 2 on tablet, 1 on mobile) (retry #1)
  26) [authed] › e2e/homepage.spec.ts:193:3 › Homepage SAA — Public View › ID-16: grid is responsive (3 cols on desktop, 2 on tablet, 1 on mobile) 

    Error: page.evaluate: SecurityError: Failed to read the 'localStorage' property from 'Window': Access is denied for this document.
        at UtilityScript.evaluate (<anonymous>:313:16)
        at UtilityScript.<anonymous> (<anonymous>:1:44)
        at UtilityScript.evaluate (<anonymous>:313:16)
        at UtilityScript.<anonymous> (<anonymous>:1:44)
        at /Users/mai.thanh.dan/Desktop/Sun/AI/aidd/e2e/homepage.spec.ts:21:16

    Error Context: test-results/homepage-Homepage-SAA-—-Pu-81e2e-op-2-on-tablet-1-on-mobile--authed/error-context.md

    Retry #1 ───────────────────────────────────────────────────────────────────────────────────────

    Error: page.evaluate: SecurityError: Failed to read the 'localStorage' property from 'Window': Access is denied for this document.
        at UtilityScript.evaluate (<anonymous>:313:16)
        at UtilityScript.<anonymous> (<anonymous>:1:44)
        at UtilityScript.evaluate (<anonymous>:313:16)
        at UtilityScript.<anonymous> (<anonymous>:1:44)
        at /Users/mai.thanh.dan/Desktop/Sun/AI/aidd/e2e/homepage.spec.ts:21:16

    Error Context: test-results/homepage-Homepage-SAA-—-Pu-81e2e-op-2-on-tablet-1-on-mobile--authed-retry1/error-context.md

    attachment #2: trace (application/zip) ─────────────────────────────────────────────────────────
    test-results/homepage-Homepage-SAA-—-Pu-81e2e-op-2-on-tablet-1-on-mobile--authed-retry1/trace.zip
    Usage:

        npx playwright show-trace test-results/homepage-Homepage-SAA-—-Pu-81e2e-op-2-on-tablet-1-on-mobile--authed-retry1/trace.zip

    ────────────────────────────────────────────────────────────────────────────────────────────────


  27) [authed] › e2e/homepage.spec.ts:215:3 › Homepage SAA — Public View › awards section has proper heading 

    Error: page.evaluate: SecurityError: Failed to read the 'localStorage' property from 'Window': Access is denied for this document.
        at UtilityScript.evaluate (<anonymous>:313:16)
        at UtilityScript.<anonymous> (<anonymous>:1:44)
        at UtilityScript.evaluate (<anonymous>:313:16)
        at UtilityScript.<anonymous> (<anonymous>:1:44)
        at /Users/mai.thanh.dan/Desktop/Sun/AI/aidd/e2e/homepage.spec.ts:21:16

    Error Context: test-results/homepage-Homepage-SAA-—-Pu-f34dc--section-has-proper-heading-authed/error-context.md

    Retry #1 ───────────────────────────────────────────────────────────────────────────────────────

    Error: page.evaluate: SecurityError: Failed to read the 'localStorage' property from 'Window': Access is denied for this document.
        at UtilityScript.evaluate (<anonymous>:313:16)
        at UtilityScript.<anonymous> (<anonymous>:1:44)
        at UtilityScript.evaluate (<anonymous>:313:16)
        at UtilityScript.<anonymous> (<anonymous>:1:44)
        at /Users/mai.thanh.dan/Desktop/Sun/AI/aidd/e2e/homepage.spec.ts:21:16

    Error Context: test-results/homepage-Homepage-SAA-—-Pu-f34dc--section-has-proper-heading-authed-retry1/error-context.md

    attachment #2: trace (application/zip) ─────────────────────────────────────────────────────────
    test-results/homepage-Homepage-SAA-—-Pu-f34dc--section-has-proper-heading-authed-retry1/trace.zip
    Usage:

        npx playwright show-trace test-results/homepage-Homepage-SAA-—-Pu-f34dc--section-has-proper-heading-authed-retry1/trace.zip

    ────────────────────────────────────────────────────────────────────────────────────────────────


[87/141] [authed] › e2e/homepage.spec.ts:220:3 › Homepage SAA — Public View › ID-17: footer displays copyright text "Bản quyền thuộc về Sun* © 2025"
[88/141] [authed] › e2e/homepage.spec.ts:227:3 › Homepage SAA — Public View › footer has navigation links (About, Awards, Kudos, Rules)
[89/141] (retries) [authed] › e2e/homepage.spec.ts:227:3 › Homepage SAA — Public View › footer has navigation links (About, Awards, Kudos, Rules) (retry #1)
[90/141] (retries) [authed] › e2e/homepage.spec.ts:220:3 › Homepage SAA — Public View › ID-17: footer displays copyright text "Bản quyền thuộc về Sun* © 2025" (retry #1)
  28) [authed] › e2e/homepage.spec.ts:220:3 › Homepage SAA — Public View › ID-17: footer displays copyright text "Bản quyền thuộc về Sun* © 2025" 

    Error: page.evaluate: SecurityError: Failed to read the 'localStorage' property from 'Window': Access is denied for this document.
        at UtilityScript.evaluate (<anonymous>:313:16)
        at UtilityScript.<anonymous> (<anonymous>:1:44)
        at UtilityScript.evaluate (<anonymous>:313:16)
        at UtilityScript.<anonymous> (<anonymous>:1:44)
        at /Users/mai.thanh.dan/Desktop/Sun/AI/aidd/e2e/homepage.spec.ts:21:16

    Error Context: test-results/homepage-Homepage-SAA-—-Pu-f70f9--quyền-thuộc-về-Sun-©-2025--authed/error-context.md

    Retry #1 ───────────────────────────────────────────────────────────────────────────────────────

    Error: page.evaluate: SecurityError: Failed to read the 'localStorage' property from 'Window': Access is denied for this document.
        at UtilityScript.evaluate (<anonymous>:313:16)
        at UtilityScript.<anonymous> (<anonymous>:1:44)
        at UtilityScript.evaluate (<anonymous>:313:16)
        at UtilityScript.<anonymous> (<anonymous>:1:44)
        at /Users/mai.thanh.dan/Desktop/Sun/AI/aidd/e2e/homepage.spec.ts:21:16

    Error Context: test-results/homepage-Homepage-SAA-—-Pu-f70f9--quyền-thuộc-về-Sun-©-2025--authed-retry1/error-context.md

    attachment #2: trace (application/zip) ─────────────────────────────────────────────────────────
    test-results/homepage-Homepage-SAA-—-Pu-f70f9--quyền-thuộc-về-Sun-©-2025--authed-retry1/trace.zip
    Usage:

        npx playwright show-trace test-results/homepage-Homepage-SAA-—-Pu-f70f9--quyền-thuộc-về-Sun-©-2025--authed-retry1/trace.zip

    ────────────────────────────────────────────────────────────────────────────────────────────────


  29) [authed] › e2e/homepage.spec.ts:227:3 › Homepage SAA — Public View › footer has navigation links (About, Awards, Kudos, Rules) 

    Error: page.evaluate: SecurityError: Failed to read the 'localStorage' property from 'Window': Access is denied for this document.
        at UtilityScript.evaluate (<anonymous>:313:16)
        at UtilityScript.<anonymous> (<anonymous>:1:44)
        at UtilityScript.evaluate (<anonymous>:313:16)
        at UtilityScript.<anonymous> (<anonymous>:1:44)
        at /Users/mai.thanh.dan/Desktop/Sun/AI/aidd/e2e/homepage.spec.ts:21:16

    Error Context: test-results/homepage-Homepage-SAA-—-Pu-98bd8-s-About-Awards-Kudos-Rules--authed/error-context.md

    Retry #1 ───────────────────────────────────────────────────────────────────────────────────────

    Error: page.evaluate: SecurityError: Failed to read the 'localStorage' property from 'Window': Access is denied for this document.
        at UtilityScript.evaluate (<anonymous>:313:16)
        at UtilityScript.<anonymous> (<anonymous>:1:44)
        at UtilityScript.evaluate (<anonymous>:313:16)
        at UtilityScript.<anonymous> (<anonymous>:1:44)
        at /Users/mai.thanh.dan/Desktop/Sun/AI/aidd/e2e/homepage.spec.ts:21:16

    Error Context: test-results/homepage-Homepage-SAA-—-Pu-98bd8-s-About-Awards-Kudos-Rules--authed-retry1/error-context.md

    attachment #2: trace (application/zip) ─────────────────────────────────────────────────────────
    test-results/homepage-Homepage-SAA-—-Pu-98bd8-s-About-Awards-Kudos-Rules--authed-retry1/trace.zip
    Usage:

        npx playwright show-trace test-results/homepage-Homepage-SAA-—-Pu-98bd8-s-About-Awards-Kudos-Rules--authed-retry1/trace.zip

    ────────────────────────────────────────────────────────────────────────────────────────────────


[91/141] [authed] › e2e/homepage.spec.ts:236:3 › Homepage SAA — Public View › footer About SAA 2025 link is an anchor (#about)
[92/141] [authed] › e2e/homepage.spec.ts:241:3 › Homepage SAA — Public View › footer navigation links point to correct routes
[93/141] (retries) [authed] › e2e/homepage.spec.ts:241:3 › Homepage SAA — Public View › footer navigation links point to correct routes (retry #1)
[94/141] (retries) [authed] › e2e/homepage.spec.ts:236:3 › Homepage SAA — Public View › footer About SAA 2025 link is an anchor (#about) (retry #1)
  30) [authed] › e2e/homepage.spec.ts:241:3 › Homepage SAA — Public View › footer navigation links point to correct routes 

    Error: page.evaluate: SecurityError: Failed to read the 'localStorage' property from 'Window': Access is denied for this document.
        at UtilityScript.evaluate (<anonymous>:313:16)
        at UtilityScript.<anonymous> (<anonymous>:1:44)
        at UtilityScript.evaluate (<anonymous>:313:16)
        at UtilityScript.<anonymous> (<anonymous>:1:44)
        at /Users/mai.thanh.dan/Desktop/Sun/AI/aidd/e2e/homepage.spec.ts:21:16

    Error Context: test-results/homepage-Homepage-SAA-—-Pu-f1430-nks-point-to-correct-routes-authed/error-context.md

    Retry #1 ───────────────────────────────────────────────────────────────────────────────────────

    Error: page.evaluate: SecurityError: Failed to read the 'localStorage' property from 'Window': Access is denied for this document.
        at UtilityScript.evaluate (<anonymous>:313:16)
        at UtilityScript.<anonymous> (<anonymous>:1:44)
        at UtilityScript.evaluate (<anonymous>:313:16)
        at UtilityScript.<anonymous> (<anonymous>:1:44)
        at /Users/mai.thanh.dan/Desktop/Sun/AI/aidd/e2e/homepage.spec.ts:21:16

    Error Context: test-results/homepage-Homepage-SAA-—-Pu-f1430-nks-point-to-correct-routes-authed-retry1/error-context.md

    attachment #2: trace (application/zip) ─────────────────────────────────────────────────────────
    test-results/homepage-Homepage-SAA-—-Pu-f1430-nks-point-to-correct-routes-authed-retry1/trace.zip
    Usage:

        npx playwright show-trace test-results/homepage-Homepage-SAA-—-Pu-f1430-nks-point-to-correct-routes-authed-retry1/trace.zip

    ────────────────────────────────────────────────────────────────────────────────────────────────


  31) [authed] › e2e/homepage.spec.ts:236:3 › Homepage SAA — Public View › footer About SAA 2025 link is an anchor (#about) 

    Error: page.evaluate: SecurityError: Failed to read the 'localStorage' property from 'Window': Access is denied for this document.
        at UtilityScript.evaluate (<anonymous>:313:16)
        at UtilityScript.<anonymous> (<anonymous>:1:44)
        at UtilityScript.evaluate (<anonymous>:313:16)
        at UtilityScript.<anonymous> (<anonymous>:1:44)
        at /Users/mai.thanh.dan/Desktop/Sun/AI/aidd/e2e/homepage.spec.ts:21:16

    Error Context: test-results/homepage-Homepage-SAA-—-Pu-762ef-25-link-is-an-anchor-about--authed/error-context.md

    Retry #1 ───────────────────────────────────────────────────────────────────────────────────────

    Error: page.evaluate: SecurityError: Failed to read the 'localStorage' property from 'Window': Access is denied for this document.
        at UtilityScript.evaluate (<anonymous>:313:16)
        at UtilityScript.<anonymous> (<anonymous>:1:44)
        at UtilityScript.evaluate (<anonymous>:313:16)
        at UtilityScript.<anonymous> (<anonymous>:1:44)
        at /Users/mai.thanh.dan/Desktop/Sun/AI/aidd/e2e/homepage.spec.ts:21:16

    Error Context: test-results/homepage-Homepage-SAA-—-Pu-762ef-25-link-is-an-anchor-about--authed-retry1/error-context.md

    attachment #2: trace (application/zip) ─────────────────────────────────────────────────────────
    test-results/homepage-Homepage-SAA-—-Pu-762ef-25-link-is-an-anchor-about--authed-retry1/trace.zip
    Usage:

        npx playwright show-trace test-results/homepage-Homepage-SAA-—-Pu-762ef-25-link-is-an-anchor-about--authed-retry1/trace.zip

    ────────────────────────────────────────────────────────────────────────────────────────────────


[95/141] [authed] › e2e/homepage.spec.ts:254:3 › Homepage SAA — Public View › ID-21: "Award Information" nav link goes to /awards
[96/141] [authed] › e2e/homepage.spec.ts:260:3 › Homepage SAA — Public View › ID-22: "Sun* Kudos" nav link goes to /kudos
[97/141] (retries) [authed] › e2e/homepage.spec.ts:254:3 › Homepage SAA — Public View › ID-21: "Award Information" nav link goes to /awards (retry #1)
[98/141] (retries) [authed] › e2e/homepage.spec.ts:260:3 › Homepage SAA — Public View › ID-22: "Sun* Kudos" nav link goes to /kudos (retry #1)
  32) [authed] › e2e/homepage.spec.ts:254:3 › Homepage SAA — Public View › ID-21: "Award Information" nav link goes to /awards 

    Error: page.evaluate: SecurityError: Failed to read the 'localStorage' property from 'Window': Access is denied for this document.
        at UtilityScript.evaluate (<anonymous>:313:16)
        at UtilityScript.<anonymous> (<anonymous>:1:44)
        at UtilityScript.evaluate (<anonymous>:313:16)
        at UtilityScript.<anonymous> (<anonymous>:1:44)
        at /Users/mai.thanh.dan/Desktop/Sun/AI/aidd/e2e/homepage.spec.ts:21:16

    Error Context: test-results/homepage-Homepage-SAA-—-Pu-613d1-ion-nav-link-goes-to-awards-authed/error-context.md

    Retry #1 ───────────────────────────────────────────────────────────────────────────────────────

    Error: page.evaluate: SecurityError: Failed to read the 'localStorage' property from 'Window': Access is denied for this document.
        at UtilityScript.evaluate (<anonymous>:313:16)
        at UtilityScript.<anonymous> (<anonymous>:1:44)
        at UtilityScript.evaluate (<anonymous>:313:16)
        at UtilityScript.<anonymous> (<anonymous>:1:44)
        at /Users/mai.thanh.dan/Desktop/Sun/AI/aidd/e2e/homepage.spec.ts:21:16

    Error Context: test-results/homepage-Homepage-SAA-—-Pu-613d1-ion-nav-link-goes-to-awards-authed-retry1/error-context.md

    attachment #2: trace (application/zip) ─────────────────────────────────────────────────────────
    test-results/homepage-Homepage-SAA-—-Pu-613d1-ion-nav-link-goes-to-awards-authed-retry1/trace.zip
    Usage:

        npx playwright show-trace test-results/homepage-Homepage-SAA-—-Pu-613d1-ion-nav-link-goes-to-awards-authed-retry1/trace.zip

    ────────────────────────────────────────────────────────────────────────────────────────────────


  33) [authed] › e2e/homepage.spec.ts:260:3 › Homepage SAA — Public View › ID-22: "Sun* Kudos" nav link goes to /kudos 

    Error: page.evaluate: SecurityError: Failed to read the 'localStorage' property from 'Window': Access is denied for this document.
        at UtilityScript.evaluate (<anonymous>:313:16)
        at UtilityScript.<anonymous> (<anonymous>:1:44)
        at UtilityScript.evaluate (<anonymous>:313:16)
        at UtilityScript.<anonymous> (<anonymous>:1:44)
        at /Users/mai.thanh.dan/Desktop/Sun/AI/aidd/e2e/homepage.spec.ts:21:16

    Error Context: test-results/homepage-Homepage-SAA-—-Pu-809d3-udos-nav-link-goes-to-kudos-authed/error-context.md

    Retry #1 ───────────────────────────────────────────────────────────────────────────────────────

    Error: page.evaluate: SecurityError: Failed to read the 'localStorage' property from 'Window': Access is denied for this document.
        at UtilityScript.evaluate (<anonymous>:313:16)
        at UtilityScript.<anonymous> (<anonymous>:1:44)
        at UtilityScript.evaluate (<anonymous>:313:16)
        at UtilityScript.<anonymous> (<anonymous>:1:44)
        at /Users/mai.thanh.dan/Desktop/Sun/AI/aidd/e2e/homepage.spec.ts:21:16

    Error Context: test-results/homepage-Homepage-SAA-—-Pu-809d3-udos-nav-link-goes-to-kudos-authed-retry1/error-context.md

    attachment #2: trace (application/zip) ─────────────────────────────────────────────────────────
    test-results/homepage-Homepage-SAA-—-Pu-809d3-udos-nav-link-goes-to-kudos-authed-retry1/trace.zip
    Usage:

        npx playwright show-trace test-results/homepage-Homepage-SAA-—-Pu-809d3-udos-nav-link-goes-to-kudos-authed-retry1/trace.zip

    ────────────────────────────────────────────────────────────────────────────────────────────────


[99/141] [authed] › e2e/homepage.spec.ts:272:3 › Homepage SAA — Public View › header remains sticky on scroll
[100/141] [authed] › e2e/homepage.spec.ts:266:3 › Homepage SAA — Public View › ID-3, 20: "About SAA 2025" nav link is an anchor to #about
[101/141] (retries) [authed] › e2e/homepage.spec.ts:272:3 › Homepage SAA — Public View › header remains sticky on scroll (retry #1)
[102/141] (retries) [authed] › e2e/homepage.spec.ts:266:3 › Homepage SAA — Public View › ID-3, 20: "About SAA 2025" nav link is an anchor to #about (retry #1)
  34) [authed] › e2e/homepage.spec.ts:272:3 › Homepage SAA — Public View › header remains sticky on scroll 

    Error: page.evaluate: SecurityError: Failed to read the 'localStorage' property from 'Window': Access is denied for this document.
        at UtilityScript.evaluate (<anonymous>:313:16)
        at UtilityScript.<anonymous> (<anonymous>:1:44)
        at UtilityScript.evaluate (<anonymous>:313:16)
        at UtilityScript.<anonymous> (<anonymous>:1:44)
        at /Users/mai.thanh.dan/Desktop/Sun/AI/aidd/e2e/homepage.spec.ts:21:16

    Error Context: test-results/homepage-Homepage-SAA-—-Pu-ca267-er-remains-sticky-on-scroll-authed/error-context.md

    Retry #1 ───────────────────────────────────────────────────────────────────────────────────────

    Error: page.evaluate: SecurityError: Failed to read the 'localStorage' property from 'Window': Access is denied for this document.
        at UtilityScript.evaluate (<anonymous>:313:16)
        at UtilityScript.<anonymous> (<anonymous>:1:44)
        at UtilityScript.evaluate (<anonymous>:313:16)
        at UtilityScript.<anonymous> (<anonymous>:1:44)
        at /Users/mai.thanh.dan/Desktop/Sun/AI/aidd/e2e/homepage.spec.ts:21:16

    Error Context: test-results/homepage-Homepage-SAA-—-Pu-ca267-er-remains-sticky-on-scroll-authed-retry1/error-context.md

    attachment #2: trace (application/zip) ─────────────────────────────────────────────────────────
    test-results/homepage-Homepage-SAA-—-Pu-ca267-er-remains-sticky-on-scroll-authed-retry1/trace.zip
    Usage:

        npx playwright show-trace test-results/homepage-Homepage-SAA-—-Pu-ca267-er-remains-sticky-on-scroll-authed-retry1/trace.zip

    ────────────────────────────────────────────────────────────────────────────────────────────────


  35) [authed] › e2e/homepage.spec.ts:266:3 › Homepage SAA — Public View › ID-3, 20: "About SAA 2025" nav link is an anchor to #about 

    Error: page.evaluate: SecurityError: Failed to read the 'localStorage' property from 'Window': Access is denied for this document.
        at UtilityScript.evaluate (<anonymous>:313:16)
        at UtilityScript.<anonymous> (<anonymous>:1:44)
        at UtilityScript.evaluate (<anonymous>:313:16)
        at UtilityScript.<anonymous> (<anonymous>:1:44)
        at /Users/mai.thanh.dan/Desktop/Sun/AI/aidd/e2e/homepage.spec.ts:21:16

    Error Context: test-results/homepage-Homepage-SAA-—-Pu-49e0f--link-is-an-anchor-to-about-authed/error-context.md

    Retry #1 ───────────────────────────────────────────────────────────────────────────────────────

    Error: page.evaluate: SecurityError: Failed to read the 'localStorage' property from 'Window': Access is denied for this document.
        at UtilityScript.evaluate (<anonymous>:313:16)
        at UtilityScript.<anonymous> (<anonymous>:1:44)
        at UtilityScript.evaluate (<anonymous>:313:16)
        at UtilityScript.<anonymous> (<anonymous>:1:44)
        at /Users/mai.thanh.dan/Desktop/Sun/AI/aidd/e2e/homepage.spec.ts:21:16

    Error Context: test-results/homepage-Homepage-SAA-—-Pu-49e0f--link-is-an-anchor-to-about-authed-retry1/error-context.md

    attachment #2: trace (application/zip) ─────────────────────────────────────────────────────────
    test-results/homepage-Homepage-SAA-—-Pu-49e0f--link-is-an-anchor-to-about-authed-retry1/trace.zip
    Usage:

        npx playwright show-trace test-results/homepage-Homepage-SAA-—-Pu-49e0f--link-is-an-anchor-to-about-authed-retry1/trace.zip

    ────────────────────────────────────────────────────────────────────────────────────────────────


[103/141] [authed] › e2e/homepage.spec.ts:296:3 › Homepage SAA — Public View › page has proper landmark structure
[104/141] [authed] › e2e/homepage.spec.ts:288:3 › Homepage SAA — Public View › header has sticky styling
[105/141] (retries) [authed] › e2e/homepage.spec.ts:296:3 › Homepage SAA — Public View › page has proper landmark structure (retry #1)
[106/141] (retries) [authed] › e2e/homepage.spec.ts:288:3 › Homepage SAA — Public View › header has sticky styling (retry #1)
  36) [authed] › e2e/homepage.spec.ts:296:3 › Homepage SAA — Public View › page has proper landmark structure 

    Error: page.evaluate: SecurityError: Failed to read the 'localStorage' property from 'Window': Access is denied for this document.
        at UtilityScript.evaluate (<anonymous>:313:16)
        at UtilityScript.<anonymous> (<anonymous>:1:44)
        at UtilityScript.evaluate (<anonymous>:313:16)
        at UtilityScript.<anonymous> (<anonymous>:1:44)
        at /Users/mai.thanh.dan/Desktop/Sun/AI/aidd/e2e/homepage.spec.ts:21:16

    Error Context: test-results/homepage-Homepage-SAA-—-Pu-a7531-s-proper-landmark-structure-authed/error-context.md

    Retry #1 ───────────────────────────────────────────────────────────────────────────────────────

    Error: page.evaluate: SecurityError: Failed to read the 'localStorage' property from 'Window': Access is denied for this document.
        at UtilityScript.evaluate (<anonymous>:313:16)
        at UtilityScript.<anonymous> (<anonymous>:1:44)
        at UtilityScript.evaluate (<anonymous>:313:16)
        at UtilityScript.<anonymous> (<anonymous>:1:44)
        at /Users/mai.thanh.dan/Desktop/Sun/AI/aidd/e2e/homepage.spec.ts:21:16

    Error Context: test-results/homepage-Homepage-SAA-—-Pu-a7531-s-proper-landmark-structure-authed-retry1/error-context.md

    attachment #2: trace (application/zip) ─────────────────────────────────────────────────────────
    test-results/homepage-Homepage-SAA-—-Pu-a7531-s-proper-landmark-structure-authed-retry1/trace.zip
    Usage:

        npx playwright show-trace test-results/homepage-Homepage-SAA-—-Pu-a7531-s-proper-landmark-structure-authed-retry1/trace.zip

    ────────────────────────────────────────────────────────────────────────────────────────────────


  37) [authed] › e2e/homepage.spec.ts:288:3 › Homepage SAA — Public View › header has sticky styling 

    Error: page.evaluate: SecurityError: Failed to read the 'localStorage' property from 'Window': Access is denied for this document.
        at UtilityScript.evaluate (<anonymous>:313:16)
        at UtilityScript.<anonymous> (<anonymous>:1:44)
        at UtilityScript.evaluate (<anonymous>:313:16)
        at UtilityScript.<anonymous> (<anonymous>:1:44)
        at /Users/mai.thanh.dan/Desktop/Sun/AI/aidd/e2e/homepage.spec.ts:21:16

    Error Context: test-results/homepage-Homepage-SAA-—-Pu-2e788-w-header-has-sticky-styling-authed/error-context.md

    Retry #1 ───────────────────────────────────────────────────────────────────────────────────────

    Error: page.evaluate: SecurityError: Failed to read the 'localStorage' property from 'Window': Access is denied for this document.
        at UtilityScript.evaluate (<anonymous>:313:16)
        at UtilityScript.<anonymous> (<anonymous>:1:44)
        at UtilityScript.evaluate (<anonymous>:313:16)
        at UtilityScript.<anonymous> (<anonymous>:1:44)
        at /Users/mai.thanh.dan/Desktop/Sun/AI/aidd/e2e/homepage.spec.ts:21:16

    Error Context: test-results/homepage-Homepage-SAA-—-Pu-2e788-w-header-has-sticky-styling-authed-retry1/error-context.md

    attachment #2: trace (application/zip) ─────────────────────────────────────────────────────────
    test-results/homepage-Homepage-SAA-—-Pu-2e788-w-header-has-sticky-styling-authed-retry1/trace.zip
    Usage:

        npx playwright show-trace test-results/homepage-Homepage-SAA-—-Pu-2e788-w-header-has-sticky-styling-authed-retry1/trace.zip

    ────────────────────────────────────────────────────────────────────────────────────────────────


[107/141] [authed] › e2e/homepage.spec.ts:306:3 › Homepage SAA — Public View › hero section is a region with aria-label
[108/141] [authed] › e2e/homepage.spec.ts:318:3 › Homepage SAA — Authenticated View › ID-1: authenticated users see notification bell and account menu
[109/141] [authed] › e2e/homepage.spec.ts:332:3 › Homepage SAA — Authenticated View › ID-27: bell opens notifications panel when clicked
[110/141] (retries) [authed] › e2e/homepage.spec.ts:306:3 › Homepage SAA — Public View › hero section is a region with aria-label (retry #1)
[111/141] [authed] › e2e/homepage.spec.ts:346:3 › Homepage SAA — Authenticated View › ID-28, 29: bell shows badge with count or "99+" cap
  38) [authed] › e2e/homepage.spec.ts:306:3 › Homepage SAA — Public View › hero section is a region with aria-label 

    Error: page.evaluate: SecurityError: Failed to read the 'localStorage' property from 'Window': Access is denied for this document.
        at UtilityScript.evaluate (<anonymous>:313:16)
        at UtilityScript.<anonymous> (<anonymous>:1:44)
        at UtilityScript.evaluate (<anonymous>:313:16)
        at UtilityScript.<anonymous> (<anonymous>:1:44)
        at /Users/mai.thanh.dan/Desktop/Sun/AI/aidd/e2e/homepage.spec.ts:21:16

    Error Context: test-results/homepage-Homepage-SAA-—-Pu-d30e2-is-a-region-with-aria-label-authed/error-context.md

    Retry #1 ───────────────────────────────────────────────────────────────────────────────────────

    Error: page.evaluate: SecurityError: Failed to read the 'localStorage' property from 'Window': Access is denied for this document.
        at UtilityScript.evaluate (<anonymous>:313:16)
        at UtilityScript.<anonymous> (<anonymous>:1:44)
        at UtilityScript.evaluate (<anonymous>:313:16)
        at UtilityScript.<anonymous> (<anonymous>:1:44)
        at /Users/mai.thanh.dan/Desktop/Sun/AI/aidd/e2e/homepage.spec.ts:21:16

    Error Context: test-results/homepage-Homepage-SAA-—-Pu-d30e2-is-a-region-with-aria-label-authed-retry1/error-context.md

    attachment #2: trace (application/zip) ─────────────────────────────────────────────────────────
    test-results/homepage-Homepage-SAA-—-Pu-d30e2-is-a-region-with-aria-label-authed-retry1/trace.zip
    Usage:

        npx playwright show-trace test-results/homepage-Homepage-SAA-—-Pu-d30e2-is-a-region-with-aria-label-authed-retry1/trace.zip

    ────────────────────────────────────────────────────────────────────────────────────────────────


[112/141] [authed] › e2e/homepage.spec.ts:384:3 › Homepage SAA — Authenticated View › ID-38: account menu closes when item is clicked
[113/141] [authed] › e2e/homepage.spec.ts:364:3 › Homepage SAA — Authenticated View › ID-36: account menu shows Profile and Sign out
[114/141] [authed] › e2e/homepage.spec.ts:403:3 › Homepage SAA — Authenticated View › ID-H3: FAB (Viết Kudo) is visible for authenticated users
[115/141] [authed] › e2e/homepage.spec.ts:416:3 › Homepage SAA — Admin View › ID-5, 37: admin users see Admin Dashboard in account menu
[116/141] [authed] › e2e/homepage.spec.ts:440:3 › Homepage SAA — Responsive Design › mobile layout (375px)
[117/141] [authed] › e2e/homepage.spec.ts:451:3 › Homepage SAA — Responsive Design › tablet layout (768px)
[118/141] [authed] › e2e/homepage.spec.ts:460:3 › Homepage SAA — Responsive Design › desktop layout (1280px)
[119/141] [authed] › e2e/profile.spec.ts:41:3 › Profile /profile (Self Profile) › TC-PROFILE-SELF-01: self profile page loads at /profile (HTTP 200)
[120/141] [authed] › e2e/profile.spec.ts:46:3 › Profile /profile (Self Profile) › TC-PROFILE-SELF-02: profile header displays user full name
[121/141] [authed] › e2e/profile.spec.ts:52:3 › Profile /profile (Self Profile) › TC-PROFILE-SELF-03: stats card visible
[122/141] [authed] › e2e/profile.spec.ts:59:3 › Profile /profile (Self Profile) › TC-PROFILE-SELF-04: shows "Nhận được" and "Đã gửi" options
[123/141] (retries) [authed] › e2e/homepage.spec.ts:403:3 › Homepage SAA — Authenticated View › ID-H3: FAB (Viết Kudo) is visible for authenticated users (retry #1)
[124/141] (retries) [authed] › e2e/profile.spec.ts:59:3 › Profile /profile (Self Profile) › TC-PROFILE-SELF-04: shows "Nhận được" and "Đã gửi" options (retry #1)
  39) [authed] › e2e/profile.spec.ts:59:3 › Profile /profile (Self Profile) › TC-PROFILE-SELF-04: shows "Nhận được" and "Đã gửi" options 

    Error: expect(received).toBe(expected) // Object.is equality

    Expected: true
    Received: false

      71 |     const receivedVisible = await receivedOption.isVisible().catch(() => false)
      72 |     const sentVisible = await sentOption.isVisible().catch(() => false)
    > 73 |     expect(receivedVisible && sentVisible).toBe(true)
         |                                            ^
      74 |   })
      75 |
      76 |   test('TC-PROFILE-SELF-05: clicking "Đã gửi" option', async ({ page }) => {
        at /Users/mai.thanh.dan/Desktop/Sun/AI/aidd/e2e/profile.spec.ts:73:44

    Error Context: test-results/profile-Profile-profile-Se-1ae73-hận-được-and-Đã-gửi-options-authed/error-context.md

    Retry #1 ───────────────────────────────────────────────────────────────────────────────────────

    Error: expect(received).toBe(expected) // Object.is equality

    Expected: true
    Received: false

      71 |     const receivedVisible = await receivedOption.isVisible().catch(() => false)
      72 |     const sentVisible = await sentOption.isVisible().catch(() => false)
    > 73 |     expect(receivedVisible && sentVisible).toBe(true)
         |                                            ^
      74 |   })
      75 |
      76 |   test('TC-PROFILE-SELF-05: clicking "Đã gửi" option', async ({ page }) => {
        at /Users/mai.thanh.dan/Desktop/Sun/AI/aidd/e2e/profile.spec.ts:73:44

    Error Context: test-results/profile-Profile-profile-Se-1ae73-hận-được-and-Đã-gửi-options-authed-retry1/error-context.md

    attachment #2: trace (application/zip) ─────────────────────────────────────────────────────────
    test-results/profile-Profile-profile-Se-1ae73-hận-được-and-Đã-gửi-options-authed-retry1/trace.zip
    Usage:

        npx playwright show-trace test-results/profile-Profile-profile-Se-1ae73-hận-được-and-Đã-gửi-options-authed-retry1/trace.zip

    ────────────────────────────────────────────────────────────────────────────────────────────────


[125/141] [authed] › e2e/profile.spec.ts:76:3 › Profile /profile (Self Profile) › TC-PROFILE-SELF-05: clicking "Đã gửi" option
  40) [authed] › e2e/homepage.spec.ts:403:3 › Homepage SAA — Authenticated View › ID-H3: FAB (Viết Kudo) is visible for authenticated users 

    Error: expect(locator).toBeVisible() failed

    Locator: getByRole('button', { name: /viết kudo|write kudo/i })
    Expected: visible
    Timeout: 5000ms
    Error: element(s) not found

    Call log:
      - Expect "toBeVisible" with timeout 5000ms
      - waiting for getByRole('button', { name: /viết kudo|write kudo/i })


      404 |     // FAB is auth-gated — authenticated users should see the compose button.
      405 |     const fab = page.getByRole('button', { name: /viết kudo|write kudo/i })
    > 406 |     await expect(fab).toBeVisible()
          |                       ^
      407 |   })
      408 | })
      409 |
        at /Users/mai.thanh.dan/Desktop/Sun/AI/aidd/e2e/homepage.spec.ts:406:23

    Error Context: test-results/homepage-Homepage-SAA-—-Au-a442b-ble-for-authenticated-users-authed/error-context.md

    Retry #1 ───────────────────────────────────────────────────────────────────────────────────────

    Error: expect(locator).toBeVisible() failed

    Locator: getByRole('button', { name: /viết kudo|write kudo/i })
    Expected: visible
    Timeout: 5000ms
    Error: element(s) not found

    Call log:
      - Expect "toBeVisible" with timeout 5000ms
      - waiting for getByRole('button', { name: /viết kudo|write kudo/i })


      404 |     // FAB is auth-gated — authenticated users should see the compose button.
      405 |     const fab = page.getByRole('button', { name: /viết kudo|write kudo/i })
    > 406 |     await expect(fab).toBeVisible()
          |                       ^
      407 |   })
      408 | })
      409 |
        at /Users/mai.thanh.dan/Desktop/Sun/AI/aidd/e2e/homepage.spec.ts:406:23

    Error Context: test-results/homepage-Homepage-SAA-—-Au-a442b-ble-for-authenticated-users-authed-retry1/error-context.md

    attachment #2: trace (application/zip) ─────────────────────────────────────────────────────────
    test-results/homepage-Homepage-SAA-—-Au-a442b-ble-for-authenticated-users-authed-retry1/trace.zip
    Usage:

        npx playwright show-trace test-results/homepage-Homepage-SAA-—-Au-a442b-ble-for-authenticated-users-authed-retry1/trace.zip

    ────────────────────────────────────────────────────────────────────────────────────────────────


[126/141] [authed] › e2e/profile.spec.ts:90:3 › Profile /profile (Self Profile) › TC-PROFILE-SELF-06: "Nhận được" option shows received kudos
[127/141] [authed] › e2e/profile.spec.ts:104:3 › Profile /profile (Self Profile) › TC-PROFILE-SELF-07: self profile is responsive at mobile (375px)
[128/141] [authed] › e2e/profile.spec.ts:120:3 › Profile /profile (Self Profile) › TC-PROFILE-SELF-08: self profile is responsive at desktop (1280px)
[129/141] [authed] › e2e/profile.spec.ts:148:3 › Profile /profile?id={uuid} (Other User Profile) › TC-PROFILE-OTHER-01: /profile?id={uuid} returns 200 and renders other user profile
[130/141] [authed] › e2e/profile.spec.ts:158:3 › Profile /profile?id={uuid} (Other User Profile) › TC-PROFILE-OTHER-02: other user profile displays their full name
[131/141] [authed] › e2e/profile.spec.ts:164:3 › Profile /profile?id={uuid} (Other User Profile) › TC-PROFILE-OTHER-03: other user profile shows content
[132/141] [authed] › e2e/profile.spec.ts:170:3 › Profile /profile?id={uuid} (Other User Profile) › TC-PROFILE-OTHER-04: other user profile shows write-bar
[133/141] [authed] › e2e/profile.spec.ts:175:3 › Profile /profile?id={uuid} (Other User Profile) › TC-PROFILE-OTHER-05: other user shows ONLY "Nhận được" option
[134/141] (retries) [authed] › e2e/profile.spec.ts:175:3 › Profile /profile?id={uuid} (Other User Profile) › TC-PROFILE-OTHER-05: other user shows ONLY "Nhận được" option (retry #1)
  41) [authed] › e2e/profile.spec.ts:175:3 › Profile /profile?id={uuid} (Other User Profile) › TC-PROFILE-OTHER-05: other user shows ONLY "Nhận được" option 

    Error: expect(received).toBe(expected) // Object.is equality

    Expected: true
    Received: false

      185 |
      186 |     expect(sentVisible).toBe(false)
    > 187 |     expect(receivedVisible).toBe(true)
          |                             ^
      188 |   })
      189 |
      190 |   test('TC-PROFILE-OTHER-06: other user shows ONLY received kudos', async ({ page }) => {
        at /Users/mai.thanh.dan/Desktop/Sun/AI/aidd/e2e/profile.spec.ts:187:29

    Error Context: test-results/profile-Profile-profile-id-ff5a2-shows-ONLY-Nhận-được-option-authed/error-context.md

    Retry #1 ───────────────────────────────────────────────────────────────────────────────────────

    Error: expect(received).toBe(expected) // Object.is equality

    Expected: true
    Received: false

      185 |
      186 |     expect(sentVisible).toBe(false)
    > 187 |     expect(receivedVisible).toBe(true)
          |                             ^
      188 |   })
      189 |
      190 |   test('TC-PROFILE-OTHER-06: other user shows ONLY received kudos', async ({ page }) => {
        at /Users/mai.thanh.dan/Desktop/Sun/AI/aidd/e2e/profile.spec.ts:187:29

    Error Context: test-results/profile-Profile-profile-id-ff5a2-shows-ONLY-Nhận-được-option-authed-retry1/error-context.md

    attachment #2: trace (application/zip) ─────────────────────────────────────────────────────────
    test-results/profile-Profile-profile-id-ff5a2-shows-ONLY-Nhận-được-option-authed-retry1/trace.zip
    Usage:

        npx playwright show-trace test-results/profile-Profile-profile-id-ff5a2-shows-ONLY-Nhận-được-option-authed-retry1/trace.zip

    ────────────────────────────────────────────────────────────────────────────────────────────────


[135/141] [authed] › e2e/profile.spec.ts:190:3 › Profile /profile?id={uuid} (Other User Profile) › TC-PROFILE-OTHER-06: other user shows ONLY received kudos
[136/141] [authed] › e2e/profile.spec.ts:197:3 › Profile /profile?id={uuid} (Other User Profile) › TC-PROFILE-OTHER-07: other user profile is responsive at mobile (375px)
[137/141] [authed] › e2e/profile.spec.ts:210:3 › Profile /profile?id={uuid} (Other User Profile) › TC-PROFILE-OTHER-08: other user profile is responsive at desktop (1280px)
[138/141] [authed] › e2e/profile.spec.ts:225:3 › Profile Error Cases › TC-PROFILE-ERROR-01: malformed /profile?id=banana returns 404
[139/141] [authed] › e2e/profile.spec.ts:232:3 › Profile Error Cases › TC-PROFILE-FUN-002: accessing own self profile shows dropdown
[140/141] [authed] › e2e/profile.spec.ts:247:3 › Profile Error Cases › TC-PROFILE-FUN-004: /profile?id=invalid-uuid returns 404 (product handles invalid ID)
[141/141] [authed] › e2e/root-redirect.spec.ts:28:3 › Root path redirect › TC-REDIRECT-01: unauthenticated / renders homepage (not redirected)
[142/141] [authed] › e2e/root-redirect.spec.ts:46:3 › Root path redirect › TC-REDIRECT-02: authenticated user can access /todo without redirect
[143/141] [authed] › e2e/viet-kudo.spec.ts:117:3 › Viết Kudo — Access Guard (unauthenticated) › ID-1: unauthenticated access to /kudos redirects to /login
[144/141] [authed] › e2e/viet-kudo.spec.ts:127:3 › Viết Kudo — E2E (MoMorph ihQ26W78P2) › ID-0: authenticated user navigating to /kudos stays on /kudos
[145/141] [authed] › e2e/viet-kudo.spec.ts:132:3 › Viết Kudo — E2E (MoMorph ihQ26W78P2) › ID-2: authenticated user sees "Viết Kudo" button on /kudos
[146/141] (retries) [authed] › e2e/viet-kudo.spec.ts:132:3 › Viết Kudo — E2E (MoMorph ihQ26W78P2) › ID-2: authenticated user sees "Viết Kudo" button on /kudos (retry #1)
[147/141] (retries) [authed] › e2e/profile.spec.ts:76:3 › Profile /profile (Self Profile) › TC-PROFILE-SELF-05: clicking "Đã gửi" option (retry #1)
  42) [authed] › e2e/viet-kudo.spec.ts:132:3 › Viết Kudo — E2E (MoMorph ihQ26W78P2) › ID-2: authenticated user sees "Viết Kudo" button on /kudos 

    Error: expect(locator).toBeVisible() failed

    Locator: getByRole('button', { name: 'Viết Kudo' })
    Expected: visible
    Timeout: 5000ms
    Error: element(s) not found

    Call log:
      - Expect "toBeVisible" with timeout 5000ms
      - waiting for getByRole('button', { name: 'Viết Kudo' })


      133 |     await devLogin(page)
      134 |     const btn = page.getByRole('button', { name: 'Viết Kudo' })
    > 135 |     await expect(btn).toBeVisible()
          |                       ^
      136 |   })
      137 |
      138 |   // ── GUI / Layout ─────────────────────────────────────────────────────────────
        at /Users/mai.thanh.dan/Desktop/Sun/AI/aidd/e2e/viet-kudo.spec.ts:135:23

    Error Context: test-results/viet-kudo-Viết-Kudo-—-E2E--d651d-s-Viết-Kudo-button-on-kudos-authed/error-context.md

    Retry #1 ───────────────────────────────────────────────────────────────────────────────────────

    Error: expect(locator).toBeVisible() failed

    Locator: getByRole('button', { name: 'Viết Kudo' })
    Expected: visible
    Timeout: 5000ms
    Error: element(s) not found

    Call log:
      - Expect "toBeVisible" with timeout 5000ms
      - waiting for getByRole('button', { name: 'Viết Kudo' })


      133 |     await devLogin(page)
      134 |     const btn = page.getByRole('button', { name: 'Viết Kudo' })
    > 135 |     await expect(btn).toBeVisible()
          |                       ^
      136 |   })
      137 |
      138 |   // ── GUI / Layout ─────────────────────────────────────────────────────────────
        at /Users/mai.thanh.dan/Desktop/Sun/AI/aidd/e2e/viet-kudo.spec.ts:135:23

    Error Context: test-results/viet-kudo-Viết-Kudo-—-E2E--d651d-s-Viết-Kudo-button-on-kudos-authed-retry1/error-context.md

    attachment #2: trace (application/zip) ─────────────────────────────────────────────────────────
    test-results/viet-kudo-Viết-Kudo-—-E2E--d651d-s-Viết-Kudo-button-on-kudos-authed-retry1/trace.zip
    Usage:

        npx playwright show-trace test-results/viet-kudo-Viết-Kudo-—-E2E--d651d-s-Viết-Kudo-button-on-kudos-authed-retry1/trace.zip

    ────────────────────────────────────────────────────────────────────────────────────────────────


[148/141] [authed] › e2e/viet-kudo.spec.ts:140:3 › Viết Kudo — E2E (MoMorph ihQ26W78P2) › ID-3: modal opens with correct title text
  43) [authed] › e2e/profile.spec.ts:76:3 › Profile /profile (Self Profile) › TC-PROFILE-SELF-05: clicking "Đã gửi" option 

    Test timeout of 30000ms exceeded.

    Error: locator.getAttribute: Test timeout of 30000ms exceeded.
    Call log:
      - waiting for getByRole('option', { name: /đã gửi|sent/i })


      83 |       await sentOption.click()
      84 |       await page.waitForTimeout(300)
    > 85 |       const isSelected = await sentOption.getAttribute('aria-selected')
         |                                           ^
      86 |       expect(isSelected === 'true').toBe(true)
      87 |     }
      88 |   })
        at /Users/mai.thanh.dan/Desktop/Sun/AI/aidd/e2e/profile.spec.ts:85:43

    Error Context: test-results/profile-Profile-profile-Se-cba5b-F-05-clicking-Đã-gửi-option-authed/error-context.md

    Retry #1 ───────────────────────────────────────────────────────────────────────────────────────

    Test timeout of 30000ms exceeded.

    Error: locator.getAttribute: Test timeout of 30000ms exceeded.
    Call log:
      - waiting for getByRole('option', { name: /đã gửi|sent/i })


      83 |       await sentOption.click()
      84 |       await page.waitForTimeout(300)
    > 85 |       const isSelected = await sentOption.getAttribute('aria-selected')
         |                                           ^
      86 |       expect(isSelected === 'true').toBe(true)
      87 |     }
      88 |   })
        at /Users/mai.thanh.dan/Desktop/Sun/AI/aidd/e2e/profile.spec.ts:85:43

    Error Context: test-results/profile-Profile-profile-Se-cba5b-F-05-clicking-Đã-gửi-option-authed-retry1/error-context.md

    attachment #2: trace (application/zip) ─────────────────────────────────────────────────────────
    test-results/profile-Profile-profile-Se-cba5b-F-05-clicking-Đã-gửi-option-authed-retry1/trace.zip
    Usage:

        npx playwright show-trace test-results/profile-Profile-profile-Se-cba5b-F-05-clicking-Đã-gửi-option-authed-retry1/trace.zip

    ────────────────────────────────────────────────────────────────────────────────────────────────


[149/141] [authed] › e2e/viet-kudo.spec.ts:148:3 › Viết Kudo — E2E (MoMorph ihQ26W78P2) › ID-4: modal contains all sections in correct order (A→H)
[150/141] (retries) [authed] › e2e/viet-kudo.spec.ts:140:3 › Viết Kudo — E2E (MoMorph ihQ26W78P2) › ID-3: modal opens with correct title text (retry #1)
[151/141] (retries) [authed] › e2e/viet-kudo.spec.ts:148:3 › Viết Kudo — E2E (MoMorph ihQ26W78P2) › ID-4: modal contains all sections in correct order (A→H) (retry #1)
  44) [authed] › e2e/viet-kudo.spec.ts:140:3 › Viết Kudo — E2E (MoMorph ihQ26W78P2) › ID-3: modal opens with correct title text 

    Test timeout of 30000ms exceeded.

    Error: locator.click: Test timeout of 30000ms exceeded.
    Call log:
      - waiting for getByRole('button', { name: 'Viết Kudo' })


      51 |  */
      52 | async function openModal(page: Page) {
    > 53 |   await page.getByRole('button', { name: 'Viết Kudo' }).click()
         |                                                         ^
      54 |   const dialog = page.getByRole('dialog', { name: 'Viết Kudo' })
      55 |   await expect(dialog).toBeVisible()
      56 |   return dialog
        at openModal (/Users/mai.thanh.dan/Desktop/Sun/AI/aidd/e2e/viet-kudo.spec.ts:53:57)
        at /Users/mai.thanh.dan/Desktop/Sun/AI/aidd/e2e/viet-kudo.spec.ts:142:11

    Error Context: test-results/viet-kudo-Viết-Kudo-—-E2E--cd84c-ens-with-correct-title-text-authed/error-context.md

    Retry #1 ───────────────────────────────────────────────────────────────────────────────────────

    Test timeout of 30000ms exceeded.

    Error: locator.click: Test timeout of 30000ms exceeded.
    Call log:
      - waiting for getByRole('button', { name: 'Viết Kudo' })


      51 |  */
      52 | async function openModal(page: Page) {
    > 53 |   await page.getByRole('button', { name: 'Viết Kudo' }).click()
         |                                                         ^
      54 |   const dialog = page.getByRole('dialog', { name: 'Viết Kudo' })
      55 |   await expect(dialog).toBeVisible()
      56 |   return dialog
        at openModal (/Users/mai.thanh.dan/Desktop/Sun/AI/aidd/e2e/viet-kudo.spec.ts:53:57)
        at /Users/mai.thanh.dan/Desktop/Sun/AI/aidd/e2e/viet-kudo.spec.ts:142:11

    Error Context: test-results/viet-kudo-Viết-Kudo-—-E2E--cd84c-ens-with-correct-title-text-authed-retry1/error-context.md

    attachment #2: trace (application/zip) ─────────────────────────────────────────────────────────
    test-results/viet-kudo-Viết-Kudo-—-E2E--cd84c-ens-with-correct-title-text-authed-retry1/trace.zip
    Usage:

        npx playwright show-trace test-results/viet-kudo-Viết-Kudo-—-E2E--cd84c-ens-with-correct-title-text-authed-retry1/trace.zip

    ────────────────────────────────────────────────────────────────────────────────────────────────


[152/141] [authed] › e2e/viet-kudo.spec.ts:169:3 › Viết Kudo — E2E (MoMorph ihQ26W78P2) › ID-5: Nội dung editor shows placeholder text before typing
  45) [authed] › e2e/viet-kudo.spec.ts:148:3 › Viết Kudo — E2E (MoMorph ihQ26W78P2) › ID-4: modal contains all sections in correct order (A→H) 

    Test timeout of 30000ms exceeded.

    Error: locator.click: Test timeout of 30000ms exceeded.
    Call log:
      - waiting for getByRole('button', { name: 'Viết Kudo' })


      51 |  */
      52 | async function openModal(page: Page) {
    > 53 |   await page.getByRole('button', { name: 'Viết Kudo' }).click()
         |                                                         ^
      54 |   const dialog = page.getByRole('dialog', { name: 'Viết Kudo' })
      55 |   await expect(dialog).toBeVisible()
      56 |   return dialog
        at openModal (/Users/mai.thanh.dan/Desktop/Sun/AI/aidd/e2e/viet-kudo.spec.ts:53:57)
        at /Users/mai.thanh.dan/Desktop/Sun/AI/aidd/e2e/viet-kudo.spec.ts:150:11

    Error Context: test-results/viet-kudo-Viết-Kudo-—-E2E--5ff94-tions-in-correct-order-A→H--authed/error-context.md

    Retry #1 ───────────────────────────────────────────────────────────────────────────────────────

    Test timeout of 30000ms exceeded.

    Error: locator.click: Test timeout of 30000ms exceeded.
    Call log:
      - waiting for getByRole('button', { name: 'Viết Kudo' })


      51 |  */
      52 | async function openModal(page: Page) {
    > 53 |   await page.getByRole('button', { name: 'Viết Kudo' }).click()
         |                                                         ^
      54 |   const dialog = page.getByRole('dialog', { name: 'Viết Kudo' })
      55 |   await expect(dialog).toBeVisible()
      56 |   return dialog
        at openModal (/Users/mai.thanh.dan/Desktop/Sun/AI/aidd/e2e/viet-kudo.spec.ts:53:57)
        at /Users/mai.thanh.dan/Desktop/Sun/AI/aidd/e2e/viet-kudo.spec.ts:150:11

    Error Context: test-results/viet-kudo-Viết-Kudo-—-E2E--5ff94-tions-in-correct-order-A→H--authed-retry1/error-context.md

    attachment #2: trace (application/zip) ─────────────────────────────────────────────────────────
    test-results/viet-kudo-Viết-Kudo-—-E2E--5ff94-tions-in-correct-order-A→H--authed-retry1/trace.zip
    Usage:

        npx playwright show-trace test-results/viet-kudo-Viết-Kudo-—-E2E--5ff94-tions-in-correct-order-A→H--authed-retry1/trace.zip

    ────────────────────────────────────────────────────────────────────────────────────────────────


[153/141] [authed] › e2e/viet-kudo.spec.ts:184:3 › Viết Kudo — E2E (MoMorph ihQ26W78P2) › ID-6: anonymous checkbox is unchecked by default
[154/141] (retries) [authed] › e2e/viet-kudo.spec.ts:169:3 › Viết Kudo — E2E (MoMorph ihQ26W78P2) › ID-5: Nội dung editor shows placeholder text before typing (retry #1)
[155/141] (retries) [authed] › e2e/viet-kudo.spec.ts:184:3 › Viết Kudo — E2E (MoMorph ihQ26W78P2) › ID-6: anonymous checkbox is unchecked by default (retry #1)
  46) [authed] › e2e/viet-kudo.spec.ts:169:3 › Viết Kudo — E2E (MoMorph ihQ26W78P2) › ID-5: Nội dung editor shows placeholder text before typing 

    Test timeout of 30000ms exceeded.

    Error: locator.click: Test timeout of 30000ms exceeded.
    Call log:
      - waiting for getByRole('button', { name: 'Viết Kudo' })


      51 |  */
      52 | async function openModal(page: Page) {
    > 53 |   await page.getByRole('button', { name: 'Viết Kudo' }).click()
         |                                                         ^
      54 |   const dialog = page.getByRole('dialog', { name: 'Viết Kudo' })
      55 |   await expect(dialog).toBeVisible()
      56 |   return dialog
        at openModal (/Users/mai.thanh.dan/Desktop/Sun/AI/aidd/e2e/viet-kudo.spec.ts:53:57)
        at /Users/mai.thanh.dan/Desktop/Sun/AI/aidd/e2e/viet-kudo.spec.ts:171:11

    Error Context: test-results/viet-kudo-Viết-Kudo-—-E2E--5cfc6-ceholder-text-before-typing-authed/error-context.md

    Retry #1 ───────────────────────────────────────────────────────────────────────────────────────

    Test timeout of 30000ms exceeded.

    Error: locator.click: Test timeout of 30000ms exceeded.
    Call log:
      - waiting for getByRole('button', { name: 'Viết Kudo' })


      51 |  */
      52 | async function openModal(page: Page) {
    > 53 |   await page.getByRole('button', { name: 'Viết Kudo' }).click()
         |                                                         ^
      54 |   const dialog = page.getByRole('dialog', { name: 'Viết Kudo' })
      55 |   await expect(dialog).toBeVisible()
      56 |   return dialog
        at openModal (/Users/mai.thanh.dan/Desktop/Sun/AI/aidd/e2e/viet-kudo.spec.ts:53:57)
        at /Users/mai.thanh.dan/Desktop/Sun/AI/aidd/e2e/viet-kudo.spec.ts:171:11

    Error Context: test-results/viet-kudo-Viết-Kudo-—-E2E--5cfc6-ceholder-text-before-typing-authed-retry1/error-context.md

    attachment #2: trace (application/zip) ─────────────────────────────────────────────────────────
    test-results/viet-kudo-Viết-Kudo-—-E2E--5cfc6-ceholder-text-before-typing-authed-retry1/trace.zip
    Usage:

        npx playwright show-trace test-results/viet-kudo-Viết-Kudo-—-E2E--5cfc6-ceholder-text-before-typing-authed-retry1/trace.zip

    ────────────────────────────────────────────────────────────────────────────────────────────────


[156/141] [authed] › e2e/viet-kudo.spec.ts:193:3 › Viết Kudo — E2E (MoMorph ihQ26W78P2) › ID-8: typing in recipient search filters the dropdown list
  47) [authed] › e2e/viet-kudo.spec.ts:184:3 › Viết Kudo — E2E (MoMorph ihQ26W78P2) › ID-6: anonymous checkbox is unchecked by default 

    Test timeout of 30000ms exceeded.

    Error: locator.click: Test timeout of 30000ms exceeded.
    Call log:
      - waiting for getByRole('button', { name: 'Viết Kudo' })


      51 |  */
      52 | async function openModal(page: Page) {
    > 53 |   await page.getByRole('button', { name: 'Viết Kudo' }).click()
         |                                                         ^
      54 |   const dialog = page.getByRole('dialog', { name: 'Viết Kudo' })
      55 |   await expect(dialog).toBeVisible()
      56 |   return dialog
        at openModal (/Users/mai.thanh.dan/Desktop/Sun/AI/aidd/e2e/viet-kudo.spec.ts:53:57)
        at /Users/mai.thanh.dan/Desktop/Sun/AI/aidd/e2e/viet-kudo.spec.ts:186:11

    Error Context: test-results/viet-kudo-Viết-Kudo-—-E2E--f730f-box-is-unchecked-by-default-authed/error-context.md

    Retry #1 ───────────────────────────────────────────────────────────────────────────────────────

    Test timeout of 30000ms exceeded.

    Error: locator.click: Test timeout of 30000ms exceeded.
    Call log:
      - waiting for getByRole('button', { name: 'Viết Kudo' })


      51 |  */
      52 | async function openModal(page: Page) {
    > 53 |   await page.getByRole('button', { name: 'Viết Kudo' }).click()
         |                                                         ^
      54 |   const dialog = page.getByRole('dialog', { name: 'Viết Kudo' })
      55 |   await expect(dialog).toBeVisible()
      56 |   return dialog
        at openModal (/Users/mai.thanh.dan/Desktop/Sun/AI/aidd/e2e/viet-kudo.spec.ts:53:57)
        at /Users/mai.thanh.dan/Desktop/Sun/AI/aidd/e2e/viet-kudo.spec.ts:186:11

    Error Context: test-results/viet-kudo-Viết-Kudo-—-E2E--f730f-box-is-unchecked-by-default-authed-retry1/error-context.md

    attachment #2: trace (application/zip) ─────────────────────────────────────────────────────────
    test-results/viet-kudo-Viết-Kudo-—-E2E--f730f-box-is-unchecked-by-default-authed-retry1/trace.zip
    Usage:

        npx playwright show-trace test-results/viet-kudo-Viết-Kudo-—-E2E--f730f-box-is-unchecked-by-default-authed-retry1/trace.zip

    ────────────────────────────────────────────────────────────────────────────────────────────────


[157/141] [authed] › e2e/viet-kudo.spec.ts:210:3 › Viết Kudo — E2E (MoMorph ihQ26W78P2) › ID-25: selecting a recipient shows their name in the trigger button
[158/141] (retries) [authed] › e2e/viet-kudo.spec.ts:193:3 › Viết Kudo — E2E (MoMorph ihQ26W78P2) › ID-8: typing in recipient search filters the dropdown list (retry #1)
[159/141] (retries) [authed] › e2e/viet-kudo.spec.ts:210:3 › Viết Kudo — E2E (MoMorph ihQ26W78P2) › ID-25: selecting a recipient shows their name in the trigger button (retry #1)
  48) [authed] › e2e/viet-kudo.spec.ts:193:3 › Viết Kudo — E2E (MoMorph ihQ26W78P2) › ID-8: typing in recipient search filters the dropdown list 

    Test timeout of 30000ms exceeded.

    Error: locator.click: Test timeout of 30000ms exceeded.
    Call log:
      - waiting for getByRole('button', { name: 'Viết Kudo' })


      51 |  */
      52 | async function openModal(page: Page) {
    > 53 |   await page.getByRole('button', { name: 'Viết Kudo' }).click()
         |                                                         ^
      54 |   const dialog = page.getByRole('dialog', { name: 'Viết Kudo' })
      55 |   await expect(dialog).toBeVisible()
      56 |   return dialog
        at openModal (/Users/mai.thanh.dan/Desktop/Sun/AI/aidd/e2e/viet-kudo.spec.ts:53:57)
        at /Users/mai.thanh.dan/Desktop/Sun/AI/aidd/e2e/viet-kudo.spec.ts:195:11

    Error Context: test-results/viet-kudo-Viết-Kudo-—-E2E--a5e7d-h-filters-the-dropdown-list-authed/error-context.md

    Retry #1 ───────────────────────────────────────────────────────────────────────────────────────

    Test timeout of 30000ms exceeded.

    Error: locator.click: Test timeout of 30000ms exceeded.
    Call log:
      - waiting for getByRole('button', { name: 'Viết Kudo' })


      51 |  */
      52 | async function openModal(page: Page) {
    > 53 |   await page.getByRole('button', { name: 'Viết Kudo' }).click()
         |                                                         ^
      54 |   const dialog = page.getByRole('dialog', { name: 'Viết Kudo' })
      55 |   await expect(dialog).toBeVisible()
      56 |   return dialog
        at openModal (/Users/mai.thanh.dan/Desktop/Sun/AI/aidd/e2e/viet-kudo.spec.ts:53:57)
        at /Users/mai.thanh.dan/Desktop/Sun/AI/aidd/e2e/viet-kudo.spec.ts:195:11

    Error Context: test-results/viet-kudo-Viết-Kudo-—-E2E--a5e7d-h-filters-the-dropdown-list-authed-retry1/error-context.md

    attachment #2: trace (application/zip) ─────────────────────────────────────────────────────────
    test-results/viet-kudo-Viết-Kudo-—-E2E--a5e7d-h-filters-the-dropdown-list-authed-retry1/trace.zip
    Usage:

        npx playwright show-trace test-results/viet-kudo-Viết-Kudo-—-E2E--a5e7d-h-filters-the-dropdown-list-authed-retry1/trace.zip

    ────────────────────────────────────────────────────────────────────────────────────────────────


[160/141] [authed] › e2e/viet-kudo.spec.ts:219:3 › Viết Kudo — E2E (MoMorph ihQ26W78P2) › ID-26: selecting a recipient closes the dropdown
  49) [authed] › e2e/viet-kudo.spec.ts:210:3 › Viết Kudo — E2E (MoMorph ihQ26W78P2) › ID-25: selecting a recipient shows their name in the trigger button 

    Test timeout of 30000ms exceeded.

    Error: locator.click: Test timeout of 30000ms exceeded.
    Call log:
      - waiting for getByRole('button', { name: 'Viết Kudo' })


      51 |  */
      52 | async function openModal(page: Page) {
    > 53 |   await page.getByRole('button', { name: 'Viết Kudo' }).click()
         |                                                         ^
      54 |   const dialog = page.getByRole('dialog', { name: 'Viết Kudo' })
      55 |   await expect(dialog).toBeVisible()
      56 |   return dialog
        at openModal (/Users/mai.thanh.dan/Desktop/Sun/AI/aidd/e2e/viet-kudo.spec.ts:53:57)
        at /Users/mai.thanh.dan/Desktop/Sun/AI/aidd/e2e/viet-kudo.spec.ts:212:11

    Error Context: test-results/viet-kudo-Viết-Kudo-—-E2E--c5c72--name-in-the-trigger-button-authed/error-context.md

    Retry #1 ───────────────────────────────────────────────────────────────────────────────────────

    Test timeout of 30000ms exceeded.

    Error: locator.click: Test timeout of 30000ms exceeded.
    Call log:
      - waiting for getByRole('button', { name: 'Viết Kudo' })


      51 |  */
      52 | async function openModal(page: Page) {
    > 53 |   await page.getByRole('button', { name: 'Viết Kudo' }).click()
         |                                                         ^
      54 |   const dialog = page.getByRole('dialog', { name: 'Viết Kudo' })
      55 |   await expect(dialog).toBeVisible()
      56 |   return dialog
        at openModal (/Users/mai.thanh.dan/Desktop/Sun/AI/aidd/e2e/viet-kudo.spec.ts:53:57)
        at /Users/mai.thanh.dan/Desktop/Sun/AI/aidd/e2e/viet-kudo.spec.ts:212:11

    Error Context: test-results/viet-kudo-Viết-Kudo-—-E2E--c5c72--name-in-the-trigger-button-authed-retry1/error-context.md

    attachment #2: trace (application/zip) ─────────────────────────────────────────────────────────
    test-results/viet-kudo-Viết-Kudo-—-E2E--c5c72--name-in-the-trigger-button-authed-retry1/trace.zip
    Usage:

        npx playwright show-trace test-results/viet-kudo-Viết-Kudo-—-E2E--c5c72--name-in-the-trigger-button-authed-retry1/trace.zip

    ────────────────────────────────────────────────────────────────────────────────────────────────


[161/141] [authed] › e2e/viet-kudo.spec.ts:228:3 › Viết Kudo — E2E (MoMorph ihQ26W78P2) › ID-10: search with leading/trailing spaces still matches recipients
[162/141] (retries) [authed] › e2e/viet-kudo.spec.ts:219:3 › Viết Kudo — E2E (MoMorph ihQ26W78P2) › ID-26: selecting a recipient closes the dropdown (retry #1)
[163/141] (retries) [authed] › e2e/viet-kudo.spec.ts:228:3 › Viết Kudo — E2E (MoMorph ihQ26W78P2) › ID-10: search with leading/trailing spaces still matches recipients (retry #1)
  50) [authed] › e2e/viet-kudo.spec.ts:219:3 › Viết Kudo — E2E (MoMorph ihQ26W78P2) › ID-26: selecting a recipient closes the dropdown 

    Test timeout of 30000ms exceeded.

    Error: locator.click: Test timeout of 30000ms exceeded.
    Call log:
      - waiting for getByRole('button', { name: 'Viết Kudo' })


      51 |  */
      52 | async function openModal(page: Page) {
    > 53 |   await page.getByRole('button', { name: 'Viết Kudo' }).click()
         |                                                         ^
      54 |   const dialog = page.getByRole('dialog', { name: 'Viết Kudo' })
      55 |   await expect(dialog).toBeVisible()
      56 |   return dialog
        at openModal (/Users/mai.thanh.dan/Desktop/Sun/AI/aidd/e2e/viet-kudo.spec.ts:53:57)
        at /Users/mai.thanh.dan/Desktop/Sun/AI/aidd/e2e/viet-kudo.spec.ts:221:11

    Error Context: test-results/viet-kudo-Viết-Kudo-—-E2E--758be-cipient-closes-the-dropdown-authed/error-context.md

    Retry #1 ───────────────────────────────────────────────────────────────────────────────────────

    Test timeout of 30000ms exceeded.

    Error: locator.click: Test timeout of 30000ms exceeded.
    Call log:
      - waiting for getByRole('button', { name: 'Viết Kudo' })


      51 |  */
      52 | async function openModal(page: Page) {
    > 53 |   await page.getByRole('button', { name: 'Viết Kudo' }).click()
         |                                                         ^
      54 |   const dialog = page.getByRole('dialog', { name: 'Viết Kudo' })
      55 |   await expect(dialog).toBeVisible()
      56 |   return dialog
        at openModal (/Users/mai.thanh.dan/Desktop/Sun/AI/aidd/e2e/viet-kudo.spec.ts:53:57)
        at /Users/mai.thanh.dan/Desktop/Sun/AI/aidd/e2e/viet-kudo.spec.ts:221:11

    Error Context: test-results/viet-kudo-Viết-Kudo-—-E2E--758be-cipient-closes-the-dropdown-authed-retry1/error-context.md

    attachment #2: trace (application/zip) ─────────────────────────────────────────────────────────
    test-results/viet-kudo-Viết-Kudo-—-E2E--758be-cipient-closes-the-dropdown-authed-retry1/trace.zip
    Usage:

        npx playwright show-trace test-results/viet-kudo-Viết-Kudo-—-E2E--758be-cipient-closes-the-dropdown-authed-retry1/trace.zip

    ────────────────────────────────────────────────────────────────────────────────────────────────


[164/141] [authed] › e2e/viet-kudo.spec.ts:244:3 › Viết Kudo — E2E (MoMorph ihQ26W78P2) › ID-12: typing "@" in the editor triggers mention suggestions
  51) [authed] › e2e/viet-kudo.spec.ts:228:3 › Viết Kudo — E2E (MoMorph ihQ26W78P2) › ID-10: search with leading/trailing spaces still matches recipients 

    Test timeout of 30000ms exceeded.

    Error: locator.click: Test timeout of 30000ms exceeded.
    Call log:
      - waiting for getByRole('button', { name: 'Viết Kudo' })


      51 |  */
      52 | async function openModal(page: Page) {
    > 53 |   await page.getByRole('button', { name: 'Viết Kudo' }).click()
         |                                                         ^
      54 |   const dialog = page.getByRole('dialog', { name: 'Viết Kudo' })
      55 |   await expect(dialog).toBeVisible()
      56 |   return dialog
        at openModal (/Users/mai.thanh.dan/Desktop/Sun/AI/aidd/e2e/viet-kudo.spec.ts:53:57)
        at /Users/mai.thanh.dan/Desktop/Sun/AI/aidd/e2e/viet-kudo.spec.ts:230:11

    Error Context: test-results/viet-kudo-Viết-Kudo-—-E2E--1e6d6-es-still-matches-recipients-authed/error-context.md

    Retry #1 ───────────────────────────────────────────────────────────────────────────────────────

    Test timeout of 30000ms exceeded.

    Error: locator.click: Test timeout of 30000ms exceeded.
    Call log:
      - waiting for getByRole('button', { name: 'Viết Kudo' })


      51 |  */
      52 | async function openModal(page: Page) {
    > 53 |   await page.getByRole('button', { name: 'Viết Kudo' }).click()
         |                                                         ^
      54 |   const dialog = page.getByRole('dialog', { name: 'Viết Kudo' })
      55 |   await expect(dialog).toBeVisible()
      56 |   return dialog
        at openModal (/Users/mai.thanh.dan/Desktop/Sun/AI/aidd/e2e/viet-kudo.spec.ts:53:57)
        at /Users/mai.thanh.dan/Desktop/Sun/AI/aidd/e2e/viet-kudo.spec.ts:230:11

    Error Context: test-results/viet-kudo-Viết-Kudo-—-E2E--1e6d6-es-still-matches-recipients-authed-retry1/error-context.md

    attachment #2: trace (application/zip) ─────────────────────────────────────────────────────────
    test-results/viet-kudo-Viết-Kudo-—-E2E--1e6d6-es-still-matches-recipients-authed-retry1/trace.zip
    Usage:

        npx playwright show-trace test-results/viet-kudo-Viết-Kudo-—-E2E--1e6d6-es-still-matches-recipients-authed-retry1/trace.zip

    ────────────────────────────────────────────────────────────────────────────────────────────────


[165/141] [authed] › e2e/viet-kudo.spec.ts:261:3 › Viết Kudo — E2E (MoMorph ihQ26W78P2) › ID-13: selecting a mention suggestion inserts @FullName inline
[166/141] (retries) [authed] › e2e/viet-kudo.spec.ts:244:3 › Viết Kudo — E2E (MoMorph ihQ26W78P2) › ID-12: typing "@" in the editor triggers mention suggestions (retry #1)
[167/141] (retries) [authed] › e2e/viet-kudo.spec.ts:261:3 › Viết Kudo — E2E (MoMorph ihQ26W78P2) › ID-13: selecting a mention suggestion inserts @FullName inline (retry #1)
  52) [authed] › e2e/viet-kudo.spec.ts:244:3 › Viết Kudo — E2E (MoMorph ihQ26W78P2) › ID-12: typing "@" in the editor triggers mention suggestions 

    Test timeout of 30000ms exceeded.

    Error: locator.click: Test timeout of 30000ms exceeded.
    Call log:
      - waiting for getByRole('button', { name: 'Viết Kudo' })


      51 |  */
      52 | async function openModal(page: Page) {
    > 53 |   await page.getByRole('button', { name: 'Viết Kudo' }).click()
         |                                                         ^
      54 |   const dialog = page.getByRole('dialog', { name: 'Viết Kudo' })
      55 |   await expect(dialog).toBeVisible()
      56 |   return dialog
        at openModal (/Users/mai.thanh.dan/Desktop/Sun/AI/aidd/e2e/viet-kudo.spec.ts:53:57)
        at /Users/mai.thanh.dan/Desktop/Sun/AI/aidd/e2e/viet-kudo.spec.ts:246:11

    Error Context: test-results/viet-kudo-Viết-Kudo-—-E2E--30a07-riggers-mention-suggestions-authed/error-context.md

    Retry #1 ───────────────────────────────────────────────────────────────────────────────────────

    Test timeout of 30000ms exceeded.

    Error: locator.click: Test timeout of 30000ms exceeded.
    Call log:
      - waiting for getByRole('button', { name: 'Viết Kudo' })


      51 |  */
      52 | async function openModal(page: Page) {
    > 53 |   await page.getByRole('button', { name: 'Viết Kudo' }).click()
         |                                                         ^
      54 |   const dialog = page.getByRole('dialog', { name: 'Viết Kudo' })
      55 |   await expect(dialog).toBeVisible()
      56 |   return dialog
        at openModal (/Users/mai.thanh.dan/Desktop/Sun/AI/aidd/e2e/viet-kudo.spec.ts:53:57)
        at /Users/mai.thanh.dan/Desktop/Sun/AI/aidd/e2e/viet-kudo.spec.ts:246:11

    Error Context: test-results/viet-kudo-Viết-Kudo-—-E2E--30a07-riggers-mention-suggestions-authed-retry1/error-context.md

    attachment #2: trace (application/zip) ─────────────────────────────────────────────────────────
    test-results/viet-kudo-Viết-Kudo-—-E2E--30a07-riggers-mention-suggestions-authed-retry1/trace.zip
    Usage:

        npx playwright show-trace test-results/viet-kudo-Viết-Kudo-—-E2E--30a07-riggers-mention-suggestions-authed-retry1/trace.zip

    ────────────────────────────────────────────────────────────────────────────────────────────────


[168/141] [authed] › e2e/viet-kudo.spec.ts:280:3 › Viết Kudo — E2E (MoMorph ihQ26W78P2) › ID-33: hint text about @mention is visible below the editor
  53) [authed] › e2e/viet-kudo.spec.ts:261:3 › Viết Kudo — E2E (MoMorph ihQ26W78P2) › ID-13: selecting a mention suggestion inserts @FullName inline 

    Test timeout of 30000ms exceeded.

    Error: locator.click: Test timeout of 30000ms exceeded.
    Call log:
      - waiting for getByRole('button', { name: 'Viết Kudo' })


      51 |  */
      52 | async function openModal(page: Page) {
    > 53 |   await page.getByRole('button', { name: 'Viết Kudo' }).click()
         |                                                         ^
      54 |   const dialog = page.getByRole('dialog', { name: 'Viết Kudo' })
      55 |   await expect(dialog).toBeVisible()
      56 |   return dialog
        at openModal (/Users/mai.thanh.dan/Desktop/Sun/AI/aidd/e2e/viet-kudo.spec.ts:53:57)
        at /Users/mai.thanh.dan/Desktop/Sun/AI/aidd/e2e/viet-kudo.spec.ts:263:11

    Error Context: test-results/viet-kudo-Viết-Kudo-—-E2E--8c64a-ion-inserts-FullName-inline-authed/error-context.md

    Retry #1 ───────────────────────────────────────────────────────────────────────────────────────

    Test timeout of 30000ms exceeded.

    Error: locator.click: Test timeout of 30000ms exceeded.
    Call log:
      - waiting for getByRole('button', { name: 'Viết Kudo' })


      51 |  */
      52 | async function openModal(page: Page) {
    > 53 |   await page.getByRole('button', { name: 'Viết Kudo' }).click()
         |                                                         ^
      54 |   const dialog = page.getByRole('dialog', { name: 'Viết Kudo' })
      55 |   await expect(dialog).toBeVisible()
      56 |   return dialog
        at openModal (/Users/mai.thanh.dan/Desktop/Sun/AI/aidd/e2e/viet-kudo.spec.ts:53:57)
        at /Users/mai.thanh.dan/Desktop/Sun/AI/aidd/e2e/viet-kudo.spec.ts:263:11

    Error Context: test-results/viet-kudo-Viết-Kudo-—-E2E--8c64a-ion-inserts-FullName-inline-authed-retry1/error-context.md

    attachment #2: trace (application/zip) ─────────────────────────────────────────────────────────
    test-results/viet-kudo-Viết-Kudo-—-E2E--8c64a-ion-inserts-FullName-inline-authed-retry1/trace.zip
    Usage:

        npx playwright show-trace test-results/viet-kudo-Viết-Kudo-—-E2E--8c64a-ion-inserts-FullName-inline-authed-retry1/trace.zip

    ────────────────────────────────────────────────────────────────────────────────────────────────


[169/141] [authed] › e2e/viet-kudo.spec.ts:290:3 › Viết Kudo — E2E (MoMorph ihQ26W78P2) › ID-27: Bold toolbar button toggles bold formatting
[170/141] (retries) [authed] › e2e/viet-kudo.spec.ts:280:3 › Viết Kudo — E2E (MoMorph ihQ26W78P2) › ID-33: hint text about @mention is visible below the editor (retry #1)
[171/141] (retries) [authed] › e2e/viet-kudo.spec.ts:290:3 › Viết Kudo — E2E (MoMorph ihQ26W78P2) › ID-27: Bold toolbar button toggles bold formatting (retry #1)
  54) [authed] › e2e/viet-kudo.spec.ts:280:3 › Viết Kudo — E2E (MoMorph ihQ26W78P2) › ID-33: hint text about @mention is visible below the editor 

    Test timeout of 30000ms exceeded.

    Error: locator.click: Test timeout of 30000ms exceeded.
    Call log:
      - waiting for getByRole('button', { name: 'Viết Kudo' })


      51 |  */
      52 | async function openModal(page: Page) {
    > 53 |   await page.getByRole('button', { name: 'Viết Kudo' }).click()
         |                                                         ^
      54 |   const dialog = page.getByRole('dialog', { name: 'Viết Kudo' })
      55 |   await expect(dialog).toBeVisible()
      56 |   return dialog
        at openModal (/Users/mai.thanh.dan/Desktop/Sun/AI/aidd/e2e/viet-kudo.spec.ts:53:57)
        at /Users/mai.thanh.dan/Desktop/Sun/AI/aidd/e2e/viet-kudo.spec.ts:282:11

    Error Context: test-results/viet-kudo-Viết-Kudo-—-E2E--03d5b-is-visible-below-the-editor-authed/error-context.md

    Retry #1 ───────────────────────────────────────────────────────────────────────────────────────

    Test timeout of 30000ms exceeded.

    Error: locator.click: Test timeout of 30000ms exceeded.
    Call log:
      - waiting for getByRole('button', { name: 'Viết Kudo' })


      51 |  */
      52 | async function openModal(page: Page) {
    > 53 |   await page.getByRole('button', { name: 'Viết Kudo' }).click()
         |                                                         ^
      54 |   const dialog = page.getByRole('dialog', { name: 'Viết Kudo' })
      55 |   await expect(dialog).toBeVisible()
      56 |   return dialog
        at openModal (/Users/mai.thanh.dan/Desktop/Sun/AI/aidd/e2e/viet-kudo.spec.ts:53:57)
        at /Users/mai.thanh.dan/Desktop/Sun/AI/aidd/e2e/viet-kudo.spec.ts:282:11

    Error Context: test-results/viet-kudo-Viết-Kudo-—-E2E--03d5b-is-visible-below-the-editor-authed-retry1/error-context.md

    attachment #2: trace (application/zip) ─────────────────────────────────────────────────────────
    test-results/viet-kudo-Viết-Kudo-—-E2E--03d5b-is-visible-below-the-editor-authed-retry1/trace.zip
    Usage:

        npx playwright show-trace test-results/viet-kudo-Viết-Kudo-—-E2E--03d5b-is-visible-below-the-editor-authed-retry1/trace.zip

    ────────────────────────────────────────────────────────────────────────────────────────────────


[172/141] [authed] › e2e/viet-kudo.spec.ts:300:3 › Viết Kudo — E2E (MoMorph ihQ26W78P2) › ID-28: Italic toolbar button toggles italic formatting
  55) [authed] › e2e/viet-kudo.spec.ts:290:3 › Viết Kudo — E2E (MoMorph ihQ26W78P2) › ID-27: Bold toolbar button toggles bold formatting 

    Test timeout of 30000ms exceeded.

    Error: locator.click: Test timeout of 30000ms exceeded.
    Call log:
      - waiting for getByRole('button', { name: 'Viết Kudo' })


      51 |  */
      52 | async function openModal(page: Page) {
    > 53 |   await page.getByRole('button', { name: 'Viết Kudo' }).click()
         |                                                         ^
      54 |   const dialog = page.getByRole('dialog', { name: 'Viết Kudo' })
      55 |   await expect(dialog).toBeVisible()
      56 |   return dialog
        at openModal (/Users/mai.thanh.dan/Desktop/Sun/AI/aidd/e2e/viet-kudo.spec.ts:53:57)
        at /Users/mai.thanh.dan/Desktop/Sun/AI/aidd/e2e/viet-kudo.spec.ts:292:11

    Error Context: test-results/viet-kudo-Viết-Kudo-—-E2E--aab9d-ton-toggles-bold-formatting-authed/error-context.md

    Retry #1 ───────────────────────────────────────────────────────────────────────────────────────

    Test timeout of 30000ms exceeded.

    Error: locator.click: Test timeout of 30000ms exceeded.
    Call log:
      - waiting for getByRole('button', { name: 'Viết Kudo' })


      51 |  */
      52 | async function openModal(page: Page) {
    > 53 |   await page.getByRole('button', { name: 'Viết Kudo' }).click()
         |                                                         ^
      54 |   const dialog = page.getByRole('dialog', { name: 'Viết Kudo' })
      55 |   await expect(dialog).toBeVisible()
      56 |   return dialog
        at openModal (/Users/mai.thanh.dan/Desktop/Sun/AI/aidd/e2e/viet-kudo.spec.ts:53:57)
        at /Users/mai.thanh.dan/Desktop/Sun/AI/aidd/e2e/viet-kudo.spec.ts:292:11

    Error Context: test-results/viet-kudo-Viết-Kudo-—-E2E--aab9d-ton-toggles-bold-formatting-authed-retry1/error-context.md

    attachment #2: trace (application/zip) ─────────────────────────────────────────────────────────
    test-results/viet-kudo-Viết-Kudo-—-E2E--aab9d-ton-toggles-bold-formatting-authed-retry1/trace.zip
    Usage:

        npx playwright show-trace test-results/viet-kudo-Viết-Kudo-—-E2E--aab9d-ton-toggles-bold-formatting-authed-retry1/trace.zip

    ────────────────────────────────────────────────────────────────────────────────────────────────


[173/141] [authed] › e2e/viet-kudo.spec.ts:309:3 › Viết Kudo — E2E (MoMorph ihQ26W78P2) › ID-29: Strikethrough toolbar button toggles strikethrough
[174/141] (retries) [authed] › e2e/viet-kudo.spec.ts:300:3 › Viết Kudo — E2E (MoMorph ihQ26W78P2) › ID-28: Italic toolbar button toggles italic formatting (retry #1)
[175/141] (retries) [authed] › e2e/viet-kudo.spec.ts:309:3 › Viết Kudo — E2E (MoMorph ihQ26W78P2) › ID-29: Strikethrough toolbar button toggles strikethrough (retry #1)
  56) [authed] › e2e/viet-kudo.spec.ts:300:3 › Viết Kudo — E2E (MoMorph ihQ26W78P2) › ID-28: Italic toolbar button toggles italic formatting 

    Test timeout of 30000ms exceeded.

    Error: locator.click: Test timeout of 30000ms exceeded.
    Call log:
      - waiting for getByRole('button', { name: 'Viết Kudo' })


      51 |  */
      52 | async function openModal(page: Page) {
    > 53 |   await page.getByRole('button', { name: 'Viết Kudo' }).click()
         |                                                         ^
      54 |   const dialog = page.getByRole('dialog', { name: 'Viết Kudo' })
      55 |   await expect(dialog).toBeVisible()
      56 |   return dialog
        at openModal (/Users/mai.thanh.dan/Desktop/Sun/AI/aidd/e2e/viet-kudo.spec.ts:53:57)
        at /Users/mai.thanh.dan/Desktop/Sun/AI/aidd/e2e/viet-kudo.spec.ts:302:11

    Error Context: test-results/viet-kudo-Viết-Kudo-—-E2E--4f6aa-n-toggles-italic-formatting-authed/error-context.md

    Retry #1 ───────────────────────────────────────────────────────────────────────────────────────

    Test timeout of 30000ms exceeded.

    Error: locator.click: Test timeout of 30000ms exceeded.
    Call log:
      - waiting for getByRole('button', { name: 'Viết Kudo' })


      51 |  */
      52 | async function openModal(page: Page) {
    > 53 |   await page.getByRole('button', { name: 'Viết Kudo' }).click()
         |                                                         ^
      54 |   const dialog = page.getByRole('dialog', { name: 'Viết Kudo' })
      55 |   await expect(dialog).toBeVisible()
      56 |   return dialog
        at openModal (/Users/mai.thanh.dan/Desktop/Sun/AI/aidd/e2e/viet-kudo.spec.ts:53:57)
        at /Users/mai.thanh.dan/Desktop/Sun/AI/aidd/e2e/viet-kudo.spec.ts:302:11

    Error Context: test-results/viet-kudo-Viết-Kudo-—-E2E--4f6aa-n-toggles-italic-formatting-authed-retry1/error-context.md

    attachment #2: trace (application/zip) ─────────────────────────────────────────────────────────
    test-results/viet-kudo-Viết-Kudo-—-E2E--4f6aa-n-toggles-italic-formatting-authed-retry1/trace.zip
    Usage:

        npx playwright show-trace test-results/viet-kudo-Viết-Kudo-—-E2E--4f6aa-n-toggles-italic-formatting-authed-retry1/trace.zip

    ────────────────────────────────────────────────────────────────────────────────────────────────


[176/141] [authed] › e2e/viet-kudo.spec.ts:318:3 › Viết Kudo — E2E (MoMorph ihQ26W78P2) › ID-30: Ordered list toolbar button toggles ordered list
  57) [authed] › e2e/viet-kudo.spec.ts:309:3 › Viết Kudo — E2E (MoMorph ihQ26W78P2) › ID-29: Strikethrough toolbar button toggles strikethrough 

    Test timeout of 30000ms exceeded.

    Error: locator.click: Test timeout of 30000ms exceeded.
    Call log:
      - waiting for getByRole('button', { name: 'Viết Kudo' })


      51 |  */
      52 | async function openModal(page: Page) {
    > 53 |   await page.getByRole('button', { name: 'Viết Kudo' }).click()
         |                                                         ^
      54 |   const dialog = page.getByRole('dialog', { name: 'Viết Kudo' })
      55 |   await expect(dialog).toBeVisible()
      56 |   return dialog
        at openModal (/Users/mai.thanh.dan/Desktop/Sun/AI/aidd/e2e/viet-kudo.spec.ts:53:57)
        at /Users/mai.thanh.dan/Desktop/Sun/AI/aidd/e2e/viet-kudo.spec.ts:311:11

    Error Context: test-results/viet-kudo-Viết-Kudo-—-E2E--29f22-utton-toggles-strikethrough-authed/error-context.md

    Retry #1 ───────────────────────────────────────────────────────────────────────────────────────

    Test timeout of 30000ms exceeded.

    Error: locator.click: Test timeout of 30000ms exceeded.
    Call log:
      - waiting for getByRole('button', { name: 'Viết Kudo' })


      51 |  */
      52 | async function openModal(page: Page) {
    > 53 |   await page.getByRole('button', { name: 'Viết Kudo' }).click()
         |                                                         ^
      54 |   const dialog = page.getByRole('dialog', { name: 'Viết Kudo' })
      55 |   await expect(dialog).toBeVisible()
      56 |   return dialog
        at openModal (/Users/mai.thanh.dan/Desktop/Sun/AI/aidd/e2e/viet-kudo.spec.ts:53:57)
        at /Users/mai.thanh.dan/Desktop/Sun/AI/aidd/e2e/viet-kudo.spec.ts:311:11

    Error Context: test-results/viet-kudo-Viết-Kudo-—-E2E--29f22-utton-toggles-strikethrough-authed-retry1/error-context.md

    attachment #2: trace (application/zip) ─────────────────────────────────────────────────────────
    test-results/viet-kudo-Viết-Kudo-—-E2E--29f22-utton-toggles-strikethrough-authed-retry1/trace.zip
    Usage:

        npx playwright show-trace test-results/viet-kudo-Viết-Kudo-—-E2E--29f22-utton-toggles-strikethrough-authed-retry1/trace.zip

    ────────────────────────────────────────────────────────────────────────────────────────────────


[177/141] [authed] › e2e/viet-kudo.spec.ts:331:3 › Viết Kudo — E2E (MoMorph ihQ26W78P2) › ID-31: Link toolbar button opens URL prompt and sets link
[178/141] (retries) [authed] › e2e/viet-kudo.spec.ts:318:3 › Viết Kudo — E2E (MoMorph ihQ26W78P2) › ID-30: Ordered list toolbar button toggles ordered list (retry #1)
[179/141] (retries) [authed] › e2e/viet-kudo.spec.ts:331:3 › Viết Kudo — E2E (MoMorph ihQ26W78P2) › ID-31: Link toolbar button opens URL prompt and sets link (retry #1)
  58) [authed] › e2e/viet-kudo.spec.ts:318:3 › Viết Kudo — E2E (MoMorph ihQ26W78P2) › ID-30: Ordered list toolbar button toggles ordered list 

    Test timeout of 30000ms exceeded.

    Error: locator.click: Test timeout of 30000ms exceeded.
    Call log:
      - waiting for getByRole('button', { name: 'Viết Kudo' })


      51 |  */
      52 | async function openModal(page: Page) {
    > 53 |   await page.getByRole('button', { name: 'Viết Kudo' }).click()
         |                                                         ^
      54 |   const dialog = page.getByRole('dialog', { name: 'Viết Kudo' })
      55 |   await expect(dialog).toBeVisible()
      56 |   return dialog
        at openModal (/Users/mai.thanh.dan/Desktop/Sun/AI/aidd/e2e/viet-kudo.spec.ts:53:57)
        at /Users/mai.thanh.dan/Desktop/Sun/AI/aidd/e2e/viet-kudo.spec.ts:320:11

    Error Context: test-results/viet-kudo-Viết-Kudo-—-E2E--17e50-button-toggles-ordered-list-authed/error-context.md

    Retry #1 ───────────────────────────────────────────────────────────────────────────────────────

    Test timeout of 30000ms exceeded.

    Error: locator.click: Test timeout of 30000ms exceeded.
    Call log:
      - waiting for getByRole('button', { name: 'Viết Kudo' })


      51 |  */
      52 | async function openModal(page: Page) {
    > 53 |   await page.getByRole('button', { name: 'Viết Kudo' }).click()
         |                                                         ^
      54 |   const dialog = page.getByRole('dialog', { name: 'Viết Kudo' })
      55 |   await expect(dialog).toBeVisible()
      56 |   return dialog
        at openModal (/Users/mai.thanh.dan/Desktop/Sun/AI/aidd/e2e/viet-kudo.spec.ts:53:57)
        at /Users/mai.thanh.dan/Desktop/Sun/AI/aidd/e2e/viet-kudo.spec.ts:320:11

    Error Context: test-results/viet-kudo-Viết-Kudo-—-E2E--17e50-button-toggles-ordered-list-authed-retry1/error-context.md

    attachment #2: trace (application/zip) ─────────────────────────────────────────────────────────
    test-results/viet-kudo-Viết-Kudo-—-E2E--17e50-button-toggles-ordered-list-authed-retry1/trace.zip
    Usage:

        npx playwright show-trace test-results/viet-kudo-Viết-Kudo-—-E2E--17e50-button-toggles-ordered-list-authed-retry1/trace.zip

    ────────────────────────────────────────────────────────────────────────────────────────────────


[180/141] [authed] › e2e/viet-kudo.spec.ts:353:3 › Viết Kudo — E2E (MoMorph ihQ26W78P2) › ID-32: Quote toolbar button toggles blockquote
  59) [authed] › e2e/viet-kudo.spec.ts:331:3 › Viết Kudo — E2E (MoMorph ihQ26W78P2) › ID-31: Link toolbar button opens URL prompt and sets link 

    Test timeout of 30000ms exceeded.

    Error: locator.click: Test timeout of 30000ms exceeded.
    Call log:
      - waiting for getByRole('button', { name: 'Viết Kudo' })


      51 |  */
      52 | async function openModal(page: Page) {
    > 53 |   await page.getByRole('button', { name: 'Viết Kudo' }).click()
         |                                                         ^
      54 |   const dialog = page.getByRole('dialog', { name: 'Viết Kudo' })
      55 |   await expect(dialog).toBeVisible()
      56 |   return dialog
        at openModal (/Users/mai.thanh.dan/Desktop/Sun/AI/aidd/e2e/viet-kudo.spec.ts:53:57)
        at /Users/mai.thanh.dan/Desktop/Sun/AI/aidd/e2e/viet-kudo.spec.ts:333:11

    Error Context: test-results/viet-kudo-Viết-Kudo-—-E2E--cc22c-ns-URL-prompt-and-sets-link-authed/error-context.md

    Retry #1 ───────────────────────────────────────────────────────────────────────────────────────

    Test timeout of 30000ms exceeded.

    Error: locator.click: Test timeout of 30000ms exceeded.
    Call log:
      - waiting for getByRole('button', { name: 'Viết Kudo' })


      51 |  */
      52 | async function openModal(page: Page) {
    > 53 |   await page.getByRole('button', { name: 'Viết Kudo' }).click()
         |                                                         ^
      54 |   const dialog = page.getByRole('dialog', { name: 'Viết Kudo' })
      55 |   await expect(dialog).toBeVisible()
      56 |   return dialog
        at openModal (/Users/mai.thanh.dan/Desktop/Sun/AI/aidd/e2e/viet-kudo.spec.ts:53:57)
        at /Users/mai.thanh.dan/Desktop/Sun/AI/aidd/e2e/viet-kudo.spec.ts:333:11

    Error Context: test-results/viet-kudo-Viết-Kudo-—-E2E--cc22c-ns-URL-prompt-and-sets-link-authed-retry1/error-context.md

    attachment #2: trace (application/zip) ─────────────────────────────────────────────────────────
    test-results/viet-kudo-Viết-Kudo-—-E2E--cc22c-ns-URL-prompt-and-sets-link-authed-retry1/trace.zip
    Usage:

        npx playwright show-trace test-results/viet-kudo-Viết-Kudo-—-E2E--cc22c-ns-URL-prompt-and-sets-link-authed-retry1/trace.zip

    ────────────────────────────────────────────────────────────────────────────────────────────────


[181/141] [authed] › e2e/viet-kudo.spec.ts:367:3 › Viết Kudo — E2E (MoMorph ihQ26W78P2) › ID-15: adding a hashtag displays it as a chip
[182/141] (retries) [authed] › e2e/viet-kudo.spec.ts:353:3 › Viết Kudo — E2E (MoMorph ihQ26W78P2) › ID-32: Quote toolbar button toggles blockquote (retry #1)
[183/141] (retries) [authed] › e2e/viet-kudo.spec.ts:367:3 › Viết Kudo — E2E (MoMorph ihQ26W78P2) › ID-15: adding a hashtag displays it as a chip (retry #1)
  60) [authed] › e2e/viet-kudo.spec.ts:353:3 › Viết Kudo — E2E (MoMorph ihQ26W78P2) › ID-32: Quote toolbar button toggles blockquote 

    Test timeout of 30000ms exceeded.

    Error: locator.click: Test timeout of 30000ms exceeded.
    Call log:
      - waiting for getByRole('button', { name: 'Viết Kudo' })


      51 |  */
      52 | async function openModal(page: Page) {
    > 53 |   await page.getByRole('button', { name: 'Viết Kudo' }).click()
         |                                                         ^
      54 |   const dialog = page.getByRole('dialog', { name: 'Viết Kudo' })
      55 |   await expect(dialog).toBeVisible()
      56 |   return dialog
        at openModal (/Users/mai.thanh.dan/Desktop/Sun/AI/aidd/e2e/viet-kudo.spec.ts:53:57)
        at /Users/mai.thanh.dan/Desktop/Sun/AI/aidd/e2e/viet-kudo.spec.ts:355:11

    Error Context: test-results/viet-kudo-Viết-Kudo-—-E2E--61f8c-r-button-toggles-blockquote-authed/error-context.md

    Retry #1 ───────────────────────────────────────────────────────────────────────────────────────

    Test timeout of 30000ms exceeded.

    Error: locator.click: Test timeout of 30000ms exceeded.
    Call log:
      - waiting for getByRole('button', { name: 'Viết Kudo' })


      51 |  */
      52 | async function openModal(page: Page) {
    > 53 |   await page.getByRole('button', { name: 'Viết Kudo' }).click()
         |                                                         ^
      54 |   const dialog = page.getByRole('dialog', { name: 'Viết Kudo' })
      55 |   await expect(dialog).toBeVisible()
      56 |   return dialog
        at openModal (/Users/mai.thanh.dan/Desktop/Sun/AI/aidd/e2e/viet-kudo.spec.ts:53:57)
        at /Users/mai.thanh.dan/Desktop/Sun/AI/aidd/e2e/viet-kudo.spec.ts:355:11

    Error Context: test-results/viet-kudo-Viết-Kudo-—-E2E--61f8c-r-button-toggles-blockquote-authed-retry1/error-context.md

    attachment #2: trace (application/zip) ─────────────────────────────────────────────────────────
    test-results/viet-kudo-Viết-Kudo-—-E2E--61f8c-r-button-toggles-blockquote-authed-retry1/trace.zip
    Usage:

        npx playwright show-trace test-results/viet-kudo-Viết-Kudo-—-E2E--61f8c-r-button-toggles-blockquote-authed-retry1/trace.zip

    ────────────────────────────────────────────────────────────────────────────────────────────────


[184/141] [authed] › e2e/viet-kudo.spec.ts:374:3 › Viết Kudo — E2E (MoMorph ihQ26W78P2) › ID-34: removing a hashtag chip removes it from the list
  61) [authed] › e2e/viet-kudo.spec.ts:367:3 › Viết Kudo — E2E (MoMorph ihQ26W78P2) › ID-15: adding a hashtag displays it as a chip 

    Test timeout of 30000ms exceeded.

    Error: locator.click: Test timeout of 30000ms exceeded.
    Call log:
      - waiting for getByRole('button', { name: 'Viết Kudo' })


      51 |  */
      52 | async function openModal(page: Page) {
    > 53 |   await page.getByRole('button', { name: 'Viết Kudo' }).click()
         |                                                         ^
      54 |   const dialog = page.getByRole('dialog', { name: 'Viết Kudo' })
      55 |   await expect(dialog).toBeVisible()
      56 |   return dialog
        at openModal (/Users/mai.thanh.dan/Desktop/Sun/AI/aidd/e2e/viet-kudo.spec.ts:53:57)
        at /Users/mai.thanh.dan/Desktop/Sun/AI/aidd/e2e/viet-kudo.spec.ts:369:11

    Error Context: test-results/viet-kudo-Viết-Kudo-—-E2E--255b8-shtag-displays-it-as-a-chip-authed/error-context.md

    Retry #1 ───────────────────────────────────────────────────────────────────────────────────────

    Test timeout of 30000ms exceeded.

    Error: locator.click: Test timeout of 30000ms exceeded.
    Call log:
      - waiting for getByRole('button', { name: 'Viết Kudo' })


      51 |  */
      52 | async function openModal(page: Page) {
    > 53 |   await page.getByRole('button', { name: 'Viết Kudo' }).click()
         |                                                         ^
      54 |   const dialog = page.getByRole('dialog', { name: 'Viết Kudo' })
      55 |   await expect(dialog).toBeVisible()
      56 |   return dialog
        at openModal (/Users/mai.thanh.dan/Desktop/Sun/AI/aidd/e2e/viet-kudo.spec.ts:53:57)
        at /Users/mai.thanh.dan/Desktop/Sun/AI/aidd/e2e/viet-kudo.spec.ts:369:11

    Error Context: test-results/viet-kudo-Viết-Kudo-—-E2E--255b8-shtag-displays-it-as-a-chip-authed-retry1/error-context.md

    attachment #2: trace (application/zip) ─────────────────────────────────────────────────────────
    test-results/viet-kudo-Viết-Kudo-—-E2E--255b8-shtag-displays-it-as-a-chip-authed-retry1/trace.zip
    Usage:

        npx playwright show-trace test-results/viet-kudo-Viết-Kudo-—-E2E--255b8-shtag-displays-it-as-a-chip-authed-retry1/trace.zip

    ────────────────────────────────────────────────────────────────────────────────────────────────


[185/141] [authed] › e2e/viet-kudo.spec.ts:384:3 › Viết Kudo — E2E (MoMorph ihQ26W78P2) › ID-35: can add up to 5 hashtags
[186/141] (retries) [authed] › e2e/viet-kudo.spec.ts:374:3 › Viết Kudo — E2E (MoMorph ihQ26W78P2) › ID-34: removing a hashtag chip removes it from the list (retry #1)
[187/141] (retries) [authed] › e2e/viet-kudo.spec.ts:384:3 › Viết Kudo — E2E (MoMorph ihQ26W78P2) › ID-35: can add up to 5 hashtags (retry #1)
  62) [authed] › e2e/viet-kudo.spec.ts:374:3 › Viết Kudo — E2E (MoMorph ihQ26W78P2) › ID-34: removing a hashtag chip removes it from the list 

    Test timeout of 30000ms exceeded.

    Error: locator.click: Test timeout of 30000ms exceeded.
    Call log:
      - waiting for getByRole('button', { name: 'Viết Kudo' })


      51 |  */
      52 | async function openModal(page: Page) {
    > 53 |   await page.getByRole('button', { name: 'Viết Kudo' }).click()
         |                                                         ^
      54 |   const dialog = page.getByRole('dialog', { name: 'Viết Kudo' })
      55 |   await expect(dialog).toBeVisible()
      56 |   return dialog
        at openModal (/Users/mai.thanh.dan/Desktop/Sun/AI/aidd/e2e/viet-kudo.spec.ts:53:57)
        at /Users/mai.thanh.dan/Desktop/Sun/AI/aidd/e2e/viet-kudo.spec.ts:376:11

    Error Context: test-results/viet-kudo-Viết-Kudo-—-E2E--1d4a8-ip-removes-it-from-the-list-authed/error-context.md

    Retry #1 ───────────────────────────────────────────────────────────────────────────────────────

    Test timeout of 30000ms exceeded.

    Error: locator.click: Test timeout of 30000ms exceeded.
    Call log:
      - waiting for getByRole('button', { name: 'Viết Kudo' })


      51 |  */
      52 | async function openModal(page: Page) {
    > 53 |   await page.getByRole('button', { name: 'Viết Kudo' }).click()
         |                                                         ^
      54 |   const dialog = page.getByRole('dialog', { name: 'Viết Kudo' })
      55 |   await expect(dialog).toBeVisible()
      56 |   return dialog
        at openModal (/Users/mai.thanh.dan/Desktop/Sun/AI/aidd/e2e/viet-kudo.spec.ts:53:57)
        at /Users/mai.thanh.dan/Desktop/Sun/AI/aidd/e2e/viet-kudo.spec.ts:376:11

    Error Context: test-results/viet-kudo-Viết-Kudo-—-E2E--1d4a8-ip-removes-it-from-the-list-authed-retry1/error-context.md

    attachment #2: trace (application/zip) ─────────────────────────────────────────────────────────
    test-results/viet-kudo-Viết-Kudo-—-E2E--1d4a8-ip-removes-it-from-the-list-authed-retry1/trace.zip
    Usage:

        npx playwright show-trace test-results/viet-kudo-Viết-Kudo-—-E2E--1d4a8-ip-removes-it-from-the-list-authed-retry1/trace.zip

    ────────────────────────────────────────────────────────────────────────────────────────────────


[188/141] [authed] › e2e/viet-kudo.spec.ts:399:3 › Viết Kudo — E2E (MoMorph ihQ26W78P2) › ID-36: "Thêm Hashtag" button is disabled when 5 hashtags are selected
  63) [authed] › e2e/viet-kudo.spec.ts:384:3 › Viết Kudo — E2E (MoMorph ihQ26W78P2) › ID-35: can add up to 5 hashtags 

    Test timeout of 30000ms exceeded.

    Error: locator.click: Test timeout of 30000ms exceeded.
    Call log:
      - waiting for getByRole('button', { name: 'Viết Kudo' })


      51 |  */
      52 | async function openModal(page: Page) {
    > 53 |   await page.getByRole('button', { name: 'Viết Kudo' }).click()
         |                                                         ^
      54 |   const dialog = page.getByRole('dialog', { name: 'Viết Kudo' })
      55 |   await expect(dialog).toBeVisible()
      56 |   return dialog
        at openModal (/Users/mai.thanh.dan/Desktop/Sun/AI/aidd/e2e/viet-kudo.spec.ts:53:57)
        at /Users/mai.thanh.dan/Desktop/Sun/AI/aidd/e2e/viet-kudo.spec.ts:386:11

    Error Context: test-results/viet-kudo-Viết-Kudo-—-E2E--7fd43-35-can-add-up-to-5-hashtags-authed/error-context.md

    Retry #1 ───────────────────────────────────────────────────────────────────────────────────────

    Test timeout of 30000ms exceeded.

    Error: locator.click: Test timeout of 30000ms exceeded.
    Call log:
      - waiting for getByRole('button', { name: 'Viết Kudo' })


      51 |  */
      52 | async function openModal(page: Page) {
    > 53 |   await page.getByRole('button', { name: 'Viết Kudo' }).click()
         |                                                         ^
      54 |   const dialog = page.getByRole('dialog', { name: 'Viết Kudo' })
      55 |   await expect(dialog).toBeVisible()
      56 |   return dialog
        at openModal (/Users/mai.thanh.dan/Desktop/Sun/AI/aidd/e2e/viet-kudo.spec.ts:53:57)
        at /Users/mai.thanh.dan/Desktop/Sun/AI/aidd/e2e/viet-kudo.spec.ts:386:11

    Error Context: test-results/viet-kudo-Viết-Kudo-—-E2E--7fd43-35-can-add-up-to-5-hashtags-authed-retry1/error-context.md

    attachment #2: trace (application/zip) ─────────────────────────────────────────────────────────
    test-results/viet-kudo-Viết-Kudo-—-E2E--7fd43-35-can-add-up-to-5-hashtags-authed-retry1/trace.zip
    Usage:

        npx playwright show-trace test-results/viet-kudo-Viết-Kudo-—-E2E--7fd43-35-can-add-up-to-5-hashtags-authed-retry1/trace.zip

    ────────────────────────────────────────────────────────────────────────────────────────────────


[189/141] [authed] › e2e/viet-kudo.spec.ts:426:3 › Viết Kudo — E2E (MoMorph ihQ26W78P2) › ID-37: uploading a valid JPG image shows its thumbnail
[190/141] (retries) [authed] › e2e/viet-kudo.spec.ts:399:3 › Viết Kudo — E2E (MoMorph ihQ26W78P2) › ID-36: "Thêm Hashtag" button is disabled when 5 hashtags are selected (retry #1)
[191/141] (retries) [authed] › e2e/viet-kudo.spec.ts:426:3 › Viết Kudo — E2E (MoMorph ihQ26W78P2) › ID-37: uploading a valid JPG image shows its thumbnail (retry #1)
  64) [authed] › e2e/viet-kudo.spec.ts:399:3 › Viết Kudo — E2E (MoMorph ihQ26W78P2) › ID-36: "Thêm Hashtag" button is disabled when 5 hashtags are selected 

    Test timeout of 30000ms exceeded.

    Error: locator.click: Test timeout of 30000ms exceeded.
    Call log:
      - waiting for getByRole('button', { name: 'Viết Kudo' })


      51 |  */
      52 | async function openModal(page: Page) {
    > 53 |   await page.getByRole('button', { name: 'Viết Kudo' }).click()
         |                                                         ^
      54 |   const dialog = page.getByRole('dialog', { name: 'Viết Kudo' })
      55 |   await expect(dialog).toBeVisible()
      56 |   return dialog
        at openModal (/Users/mai.thanh.dan/Desktop/Sun/AI/aidd/e2e/viet-kudo.spec.ts:53:57)
        at /Users/mai.thanh.dan/Desktop/Sun/AI/aidd/e2e/viet-kudo.spec.ts:401:11

    Error Context: test-results/viet-kudo-Viết-Kudo-—-E2E--21ad8-hen-5-hashtags-are-selected-authed/error-context.md

    Retry #1 ───────────────────────────────────────────────────────────────────────────────────────

    Test timeout of 30000ms exceeded.

    Error: locator.click: Test timeout of 30000ms exceeded.
    Call log:
      - waiting for getByRole('button', { name: 'Viết Kudo' })


      51 |  */
      52 | async function openModal(page: Page) {
    > 53 |   await page.getByRole('button', { name: 'Viết Kudo' }).click()
         |                                                         ^
      54 |   const dialog = page.getByRole('dialog', { name: 'Viết Kudo' })
      55 |   await expect(dialog).toBeVisible()
      56 |   return dialog
        at openModal (/Users/mai.thanh.dan/Desktop/Sun/AI/aidd/e2e/viet-kudo.spec.ts:53:57)
        at /Users/mai.thanh.dan/Desktop/Sun/AI/aidd/e2e/viet-kudo.spec.ts:401:11

    Error Context: test-results/viet-kudo-Viết-Kudo-—-E2E--21ad8-hen-5-hashtags-are-selected-authed-retry1/error-context.md

    attachment #2: trace (application/zip) ─────────────────────────────────────────────────────────
    test-results/viet-kudo-Viết-Kudo-—-E2E--21ad8-hen-5-hashtags-are-selected-authed-retry1/trace.zip
    Usage:

        npx playwright show-trace test-results/viet-kudo-Viết-Kudo-—-E2E--21ad8-hen-5-hashtags-are-selected-authed-retry1/trace.zip

    ────────────────────────────────────────────────────────────────────────────────────────────────


[192/141] [authed] › e2e/viet-kudo.spec.ts:453:3 › Viết Kudo — E2E (MoMorph ihQ26W78P2) › ID-39: uploading an invalid file type (PDF) shows an error message
  65) [authed] › e2e/viet-kudo.spec.ts:426:3 › Viết Kudo — E2E (MoMorph ihQ26W78P2) › ID-37: uploading a valid JPG image shows its thumbnail 

    Test timeout of 30000ms exceeded.

    Error: locator.click: Test timeout of 30000ms exceeded.
    Call log:
      - waiting for getByRole('button', { name: 'Viết Kudo' })


      51 |  */
      52 | async function openModal(page: Page) {
    > 53 |   await page.getByRole('button', { name: 'Viết Kudo' }).click()
         |                                                         ^
      54 |   const dialog = page.getByRole('dialog', { name: 'Viết Kudo' })
      55 |   await expect(dialog).toBeVisible()
      56 |   return dialog
        at openModal (/Users/mai.thanh.dan/Desktop/Sun/AI/aidd/e2e/viet-kudo.spec.ts:53:57)
        at /Users/mai.thanh.dan/Desktop/Sun/AI/aidd/e2e/viet-kudo.spec.ts:428:11

    Error Context: test-results/viet-kudo-Viết-Kudo-—-E2E--8c10c-G-image-shows-its-thumbnail-authed/error-context.md

    Retry #1 ───────────────────────────────────────────────────────────────────────────────────────

    Test timeout of 30000ms exceeded.

    Error: locator.click: Test timeout of 30000ms exceeded.
    Call log:
      - waiting for getByRole('button', { name: 'Viết Kudo' })


      51 |  */
      52 | async function openModal(page: Page) {
    > 53 |   await page.getByRole('button', { name: 'Viết Kudo' }).click()
         |                                                         ^
      54 |   const dialog = page.getByRole('dialog', { name: 'Viết Kudo' })
      55 |   await expect(dialog).toBeVisible()
      56 |   return dialog
        at openModal (/Users/mai.thanh.dan/Desktop/Sun/AI/aidd/e2e/viet-kudo.spec.ts:53:57)
        at /Users/mai.thanh.dan/Desktop/Sun/AI/aidd/e2e/viet-kudo.spec.ts:428:11

    Error Context: test-results/viet-kudo-Viết-Kudo-—-E2E--8c10c-G-image-shows-its-thumbnail-authed-retry1/error-context.md

    attachment #2: trace (application/zip) ─────────────────────────────────────────────────────────
    test-results/viet-kudo-Viết-Kudo-—-E2E--8c10c-G-image-shows-its-thumbnail-authed-retry1/trace.zip
    Usage:

        npx playwright show-trace test-results/viet-kudo-Viết-Kudo-—-E2E--8c10c-G-image-shows-its-thumbnail-authed-retry1/trace.zip

    ────────────────────────────────────────────────────────────────────────────────────────────────


[193/141] [authed] › e2e/viet-kudo.spec.ts:475:3 › Viết Kudo — E2E (MoMorph ihQ26W78P2) › ID-55: uploading a file over 5 MB shows a size error
[194/141] (retries) [authed] › e2e/viet-kudo.spec.ts:453:3 › Viết Kudo — E2E (MoMorph ihQ26W78P2) › ID-39: uploading an invalid file type (PDF) shows an error message (retry #1)
[195/141] (retries) [authed] › e2e/viet-kudo.spec.ts:475:3 › Viết Kudo — E2E (MoMorph ihQ26W78P2) › ID-55: uploading a file over 5 MB shows a size error (retry #1)
  66) [authed] › e2e/viet-kudo.spec.ts:453:3 › Viết Kudo — E2E (MoMorph ihQ26W78P2) › ID-39: uploading an invalid file type (PDF) shows an error message 

    Test timeout of 30000ms exceeded.

    Error: locator.click: Test timeout of 30000ms exceeded.
    Call log:
      - waiting for getByRole('button', { name: 'Viết Kudo' })


      51 |  */
      52 | async function openModal(page: Page) {
    > 53 |   await page.getByRole('button', { name: 'Viết Kudo' }).click()
         |                                                         ^
      54 |   const dialog = page.getByRole('dialog', { name: 'Viết Kudo' })
      55 |   await expect(dialog).toBeVisible()
      56 |   return dialog
        at openModal (/Users/mai.thanh.dan/Desktop/Sun/AI/aidd/e2e/viet-kudo.spec.ts:53:57)
        at /Users/mai.thanh.dan/Desktop/Sun/AI/aidd/e2e/viet-kudo.spec.ts:457:11

    Error Context: test-results/viet-kudo-Viết-Kudo-—-E2E--95cac--PDF-shows-an-error-message-authed/error-context.md

    Retry #1 ───────────────────────────────────────────────────────────────────────────────────────

    Test timeout of 30000ms exceeded.

    Error: locator.click: Test timeout of 30000ms exceeded.
    Call log:
      - waiting for getByRole('button', { name: 'Viết Kudo' })


      51 |  */
      52 | async function openModal(page: Page) {
    > 53 |   await page.getByRole('button', { name: 'Viết Kudo' }).click()
         |                                                         ^
      54 |   const dialog = page.getByRole('dialog', { name: 'Viết Kudo' })
      55 |   await expect(dialog).toBeVisible()
      56 |   return dialog
        at openModal (/Users/mai.thanh.dan/Desktop/Sun/AI/aidd/e2e/viet-kudo.spec.ts:53:57)
        at /Users/mai.thanh.dan/Desktop/Sun/AI/aidd/e2e/viet-kudo.spec.ts:457:11

    Error Context: test-results/viet-kudo-Viết-Kudo-—-E2E--95cac--PDF-shows-an-error-message-authed-retry1/error-context.md

    attachment #2: trace (application/zip) ─────────────────────────────────────────────────────────
    test-results/viet-kudo-Viết-Kudo-—-E2E--95cac--PDF-shows-an-error-message-authed-retry1/trace.zip
    Usage:

        npx playwright show-trace test-results/viet-kudo-Viết-Kudo-—-E2E--95cac--PDF-shows-an-error-message-authed-retry1/trace.zip

    ────────────────────────────────────────────────────────────────────────────────────────────────


[196/141] [authed] › e2e/viet-kudo.spec.ts:494:3 › Viết Kudo — E2E (MoMorph ihQ26W78P2) › ID-23: "Thêm ảnh" button disappears once 5 images are uploaded
[197/141] [authed] › e2e/viet-kudo.spec.ts:510:3 › Viết Kudo — E2E (MoMorph ihQ26W78P2) › ID-24: uploaded images can be removed via the X button
[198/141] [authed] › e2e/viet-kudo.spec.ts:524:3 › Viết Kudo — E2E (MoMorph ihQ26W78P2) › ID-41: clicking anonymous checkbox checks it
  67) [authed] › e2e/viet-kudo.spec.ts:475:3 › Viết Kudo — E2E (MoMorph ihQ26W78P2) › ID-55: uploading a file over 5 MB shows a size error 

    Test timeout of 30000ms exceeded.

    Error: locator.click: Test timeout of 30000ms exceeded.
    Call log:
      - waiting for getByRole('button', { name: 'Viết Kudo' })


      51 |  */
      52 | async function openModal(page: Page) {
    > 53 |   await page.getByRole('button', { name: 'Viết Kudo' }).click()
         |                                                         ^
      54 |   const dialog = page.getByRole('dialog', { name: 'Viết Kudo' })
      55 |   await expect(dialog).toBeVisible()
      56 |   return dialog
        at openModal (/Users/mai.thanh.dan/Desktop/Sun/AI/aidd/e2e/viet-kudo.spec.ts:53:57)
        at /Users/mai.thanh.dan/Desktop/Sun/AI/aidd/e2e/viet-kudo.spec.ts:477:11

    Error Context: test-results/viet-kudo-Viết-Kudo-—-E2E--8e155-ver-5-MB-shows-a-size-error-authed/error-context.md

    Retry #1 ───────────────────────────────────────────────────────────────────────────────────────

    Test timeout of 30000ms exceeded.

    Error: locator.click: Test timeout of 30000ms exceeded.
    Call log:
      - waiting for getByRole('button', { name: 'Viết Kudo' })


      51 |  */
      52 | async function openModal(page: Page) {
    > 53 |   await page.getByRole('button', { name: 'Viết Kudo' }).click()
         |                                                         ^
      54 |   const dialog = page.getByRole('dialog', { name: 'Viết Kudo' })
      55 |   await expect(dialog).toBeVisible()
      56 |   return dialog
        at openModal (/Users/mai.thanh.dan/Desktop/Sun/AI/aidd/e2e/viet-kudo.spec.ts:53:57)
        at /Users/mai.thanh.dan/Desktop/Sun/AI/aidd/e2e/viet-kudo.spec.ts:477:11

    Error Context: test-results/viet-kudo-Viết-Kudo-—-E2E--8e155-ver-5-MB-shows-a-size-error-authed-retry1/error-context.md

    attachment #2: trace (application/zip) ─────────────────────────────────────────────────────────
    test-results/viet-kudo-Viết-Kudo-—-E2E--8e155-ver-5-MB-shows-a-size-error-authed-retry1/trace.zip
    Usage:

        npx playwright show-trace test-results/viet-kudo-Viết-Kudo-—-E2E--8e155-ver-5-MB-shows-a-size-error-authed-retry1/trace.zip

    ────────────────────────────────────────────────────────────────────────────────────────────────


[199/141] [authed] › e2e/viet-kudo.spec.ts:533:3 › Viết Kudo — E2E (MoMorph ihQ26W78P2) › ID-42: checking anonymous shows the alias input field
[200/141] (retries) [authed] › e2e/viet-kudo.spec.ts:524:3 › Viết Kudo — E2E (MoMorph ihQ26W78P2) › ID-41: clicking anonymous checkbox checks it (retry #1)
[201/141] (retries) [authed] › e2e/viet-kudo.spec.ts:533:3 › Viết Kudo — E2E (MoMorph ihQ26W78P2) › ID-42: checking anonymous shows the alias input field (retry #1)
  68) [authed] › e2e/viet-kudo.spec.ts:524:3 › Viết Kudo — E2E (MoMorph ihQ26W78P2) › ID-41: clicking anonymous checkbox checks it 

    Test timeout of 30000ms exceeded.

    Error: locator.click: Test timeout of 30000ms exceeded.
    Call log:
      - waiting for getByRole('button', { name: 'Viết Kudo' })


      51 |  */
      52 | async function openModal(page: Page) {
    > 53 |   await page.getByRole('button', { name: 'Viết Kudo' }).click()
         |                                                         ^
      54 |   const dialog = page.getByRole('dialog', { name: 'Viết Kudo' })
      55 |   await expect(dialog).toBeVisible()
      56 |   return dialog
        at openModal (/Users/mai.thanh.dan/Desktop/Sun/AI/aidd/e2e/viet-kudo.spec.ts:53:57)
        at /Users/mai.thanh.dan/Desktop/Sun/AI/aidd/e2e/viet-kudo.spec.ts:526:11

    Error Context: test-results/viet-kudo-Viết-Kudo-—-E2E--297e8-nonymous-checkbox-checks-it-authed/error-context.md

    Retry #1 ───────────────────────────────────────────────────────────────────────────────────────

    Test timeout of 30000ms exceeded.

    Error: locator.click: Test timeout of 30000ms exceeded.
    Call log:
      - waiting for getByRole('button', { name: 'Viết Kudo' })


      51 |  */
      52 | async function openModal(page: Page) {
    > 53 |   await page.getByRole('button', { name: 'Viết Kudo' }).click()
         |                                                         ^
      54 |   const dialog = page.getByRole('dialog', { name: 'Viết Kudo' })
      55 |   await expect(dialog).toBeVisible()
      56 |   return dialog
        at openModal (/Users/mai.thanh.dan/Desktop/Sun/AI/aidd/e2e/viet-kudo.spec.ts:53:57)
        at /Users/mai.thanh.dan/Desktop/Sun/AI/aidd/e2e/viet-kudo.spec.ts:526:11

    Error Context: test-results/viet-kudo-Viết-Kudo-—-E2E--297e8-nonymous-checkbox-checks-it-authed-retry1/error-context.md

    attachment #2: trace (application/zip) ─────────────────────────────────────────────────────────
    test-results/viet-kudo-Viết-Kudo-—-E2E--297e8-nonymous-checkbox-checks-it-authed-retry1/trace.zip
    Usage:

        npx playwright show-trace test-results/viet-kudo-Viết-Kudo-—-E2E--297e8-nonymous-checkbox-checks-it-authed-retry1/trace.zip

    ────────────────────────────────────────────────────────────────────────────────────────────────


[202/141] [authed] › e2e/viet-kudo.spec.ts:541:3 › Viết Kudo — E2E (MoMorph ihQ26W78P2) › ID-43: unchecking anonymous hides the alias input field
  69) [authed] › e2e/viet-kudo.spec.ts:533:3 › Viết Kudo — E2E (MoMorph ihQ26W78P2) › ID-42: checking anonymous shows the alias input field 

    Test timeout of 30000ms exceeded.

    Error: locator.click: Test timeout of 30000ms exceeded.
    Call log:
      - waiting for getByRole('button', { name: 'Viết Kudo' })


      51 |  */
      52 | async function openModal(page: Page) {
    > 53 |   await page.getByRole('button', { name: 'Viết Kudo' }).click()
         |                                                         ^
      54 |   const dialog = page.getByRole('dialog', { name: 'Viết Kudo' })
      55 |   await expect(dialog).toBeVisible()
      56 |   return dialog
        at openModal (/Users/mai.thanh.dan/Desktop/Sun/AI/aidd/e2e/viet-kudo.spec.ts:53:57)
        at /Users/mai.thanh.dan/Desktop/Sun/AI/aidd/e2e/viet-kudo.spec.ts:535:11

    Error Context: test-results/viet-kudo-Viết-Kudo-—-E2E--be53f-shows-the-alias-input-field-authed/error-context.md

    Retry #1 ───────────────────────────────────────────────────────────────────────────────────────

    Test timeout of 30000ms exceeded.

    Error: locator.click: Test timeout of 30000ms exceeded.
    Call log:
      - waiting for getByRole('button', { name: 'Viết Kudo' })


      51 |  */
      52 | async function openModal(page: Page) {
    > 53 |   await page.getByRole('button', { name: 'Viết Kudo' }).click()
         |                                                         ^
      54 |   const dialog = page.getByRole('dialog', { name: 'Viết Kudo' })
      55 |   await expect(dialog).toBeVisible()
      56 |   return dialog
        at openModal (/Users/mai.thanh.dan/Desktop/Sun/AI/aidd/e2e/viet-kudo.spec.ts:53:57)
        at /Users/mai.thanh.dan/Desktop/Sun/AI/aidd/e2e/viet-kudo.spec.ts:535:11

    Error Context: test-results/viet-kudo-Viết-Kudo-—-E2E--be53f-shows-the-alias-input-field-authed-retry1/error-context.md

    attachment #2: trace (application/zip) ─────────────────────────────────────────────────────────
    test-results/viet-kudo-Viết-Kudo-—-E2E--be53f-shows-the-alias-input-field-authed-retry1/trace.zip
    Usage:

        npx playwright show-trace test-results/viet-kudo-Viết-Kudo-—-E2E--be53f-shows-the-alias-input-field-authed-retry1/trace.zip

    ────────────────────────────────────────────────────────────────────────────────────────────────


[203/141] [authed] › e2e/viet-kudo.spec.ts:553:3 › Viết Kudo — E2E (MoMorph ihQ26W78P2) › ID-44: alias field accepts text when anonymous is checked
[204/141] (retries) [authed] › e2e/viet-kudo.spec.ts:541:3 › Viết Kudo — E2E (MoMorph ihQ26W78P2) › ID-43: unchecking anonymous hides the alias input field (retry #1)
[205/141] (retries) [authed] › e2e/viet-kudo.spec.ts:553:3 › Viết Kudo — E2E (MoMorph ihQ26W78P2) › ID-44: alias field accepts text when anonymous is checked (retry #1)
  70) [authed] › e2e/viet-kudo.spec.ts:541:3 › Viết Kudo — E2E (MoMorph ihQ26W78P2) › ID-43: unchecking anonymous hides the alias input field 

    Test timeout of 30000ms exceeded.

    Error: locator.click: Test timeout of 30000ms exceeded.
    Call log:
      - waiting for getByRole('button', { name: 'Viết Kudo' })


      51 |  */
      52 | async function openModal(page: Page) {
    > 53 |   await page.getByRole('button', { name: 'Viết Kudo' }).click()
         |                                                         ^
      54 |   const dialog = page.getByRole('dialog', { name: 'Viết Kudo' })
      55 |   await expect(dialog).toBeVisible()
      56 |   return dialog
        at openModal (/Users/mai.thanh.dan/Desktop/Sun/AI/aidd/e2e/viet-kudo.spec.ts:53:57)
        at /Users/mai.thanh.dan/Desktop/Sun/AI/aidd/e2e/viet-kudo.spec.ts:543:11

    Error Context: test-results/viet-kudo-Viết-Kudo-—-E2E--d2391-hides-the-alias-input-field-authed/error-context.md

    Retry #1 ───────────────────────────────────────────────────────────────────────────────────────

    Test timeout of 30000ms exceeded.

    Error: locator.click: Test timeout of 30000ms exceeded.
    Call log:
      - waiting for getByRole('button', { name: 'Viết Kudo' })


      51 |  */
      52 | async function openModal(page: Page) {
    > 53 |   await page.getByRole('button', { name: 'Viết Kudo' }).click()
         |                                                         ^
      54 |   const dialog = page.getByRole('dialog', { name: 'Viết Kudo' })
      55 |   await expect(dialog).toBeVisible()
      56 |   return dialog
        at openModal (/Users/mai.thanh.dan/Desktop/Sun/AI/aidd/e2e/viet-kudo.spec.ts:53:57)
        at /Users/mai.thanh.dan/Desktop/Sun/AI/aidd/e2e/viet-kudo.spec.ts:543:11

    Error Context: test-results/viet-kudo-Viết-Kudo-—-E2E--d2391-hides-the-alias-input-field-authed-retry1/error-context.md

    attachment #2: trace (application/zip) ─────────────────────────────────────────────────────────
    test-results/viet-kudo-Viết-Kudo-—-E2E--d2391-hides-the-alias-input-field-authed-retry1/trace.zip
    Usage:

        npx playwright show-trace test-results/viet-kudo-Viết-Kudo-—-E2E--d2391-hides-the-alias-input-field-authed-retry1/trace.zip

    ────────────────────────────────────────────────────────────────────────────────────────────────


[206/141] [authed] › e2e/viet-kudo.spec.ts:565:3 › Viết Kudo — E2E (MoMorph ihQ26W78P2) › ID-48: Gửi button is disabled when all fields are empty
  71) [authed] › e2e/viet-kudo.spec.ts:553:3 › Viết Kudo — E2E (MoMorph ihQ26W78P2) › ID-44: alias field accepts text when anonymous is checked 

    Test timeout of 30000ms exceeded.

    Error: locator.click: Test timeout of 30000ms exceeded.
    Call log:
      - waiting for getByRole('button', { name: 'Viết Kudo' })


      51 |  */
      52 | async function openModal(page: Page) {
    > 53 |   await page.getByRole('button', { name: 'Viết Kudo' }).click()
         |                                                         ^
      54 |   const dialog = page.getByRole('dialog', { name: 'Viết Kudo' })
      55 |   await expect(dialog).toBeVisible()
      56 |   return dialog
        at openModal (/Users/mai.thanh.dan/Desktop/Sun/AI/aidd/e2e/viet-kudo.spec.ts:53:57)
        at /Users/mai.thanh.dan/Desktop/Sun/AI/aidd/e2e/viet-kudo.spec.ts:555:11

    Error Context: test-results/viet-kudo-Viết-Kudo-—-E2E--c47fb-t-when-anonymous-is-checked-authed/error-context.md

    Retry #1 ───────────────────────────────────────────────────────────────────────────────────────

    Test timeout of 30000ms exceeded.

    Error: locator.click: Test timeout of 30000ms exceeded.
    Call log:
      - waiting for getByRole('button', { name: 'Viết Kudo' })


      51 |  */
      52 | async function openModal(page: Page) {
    > 53 |   await page.getByRole('button', { name: 'Viết Kudo' }).click()
         |                                                         ^
      54 |   const dialog = page.getByRole('dialog', { name: 'Viết Kudo' })
      55 |   await expect(dialog).toBeVisible()
      56 |   return dialog
        at openModal (/Users/mai.thanh.dan/Desktop/Sun/AI/aidd/e2e/viet-kudo.spec.ts:53:57)
        at /Users/mai.thanh.dan/Desktop/Sun/AI/aidd/e2e/viet-kudo.spec.ts:555:11

    Error Context: test-results/viet-kudo-Viết-Kudo-—-E2E--c47fb-t-when-anonymous-is-checked-authed-retry1/error-context.md

    attachment #2: trace (application/zip) ─────────────────────────────────────────────────────────
    test-results/viet-kudo-Viết-Kudo-—-E2E--c47fb-t-when-anonymous-is-checked-authed-retry1/trace.zip
    Usage:

        npx playwright show-trace test-results/viet-kudo-Viết-Kudo-—-E2E--c47fb-t-when-anonymous-is-checked-authed-retry1/trace.zip

    ────────────────────────────────────────────────────────────────────────────────────────────────


[207/141] [authed] › e2e/viet-kudo.spec.ts:573:3 › Viết Kudo — E2E (MoMorph ihQ26W78P2) › ID-49: Gửi button is enabled when recipient + content + hashtag are filled
[208/141] (retries) [authed] › e2e/viet-kudo.spec.ts:565:3 › Viết Kudo — E2E (MoMorph ihQ26W78P2) › ID-48: Gửi button is disabled when all fields are empty (retry #1)
[209/141] (retries) [authed] › e2e/viet-kudo.spec.ts:573:3 › Viết Kudo — E2E (MoMorph ihQ26W78P2) › ID-49: Gửi button is enabled when recipient + content + hashtag are filled (retry #1)
  72) [authed] › e2e/viet-kudo.spec.ts:565:3 › Viết Kudo — E2E (MoMorph ihQ26W78P2) › ID-48: Gửi button is disabled when all fields are empty 

    Test timeout of 30000ms exceeded.

    Error: locator.click: Test timeout of 30000ms exceeded.
    Call log:
      - waiting for getByRole('button', { name: 'Viết Kudo' })


      51 |  */
      52 | async function openModal(page: Page) {
    > 53 |   await page.getByRole('button', { name: 'Viết Kudo' }).click()
         |                                                         ^
      54 |   const dialog = page.getByRole('dialog', { name: 'Viết Kudo' })
      55 |   await expect(dialog).toBeVisible()
      56 |   return dialog
        at openModal (/Users/mai.thanh.dan/Desktop/Sun/AI/aidd/e2e/viet-kudo.spec.ts:53:57)
        at /Users/mai.thanh.dan/Desktop/Sun/AI/aidd/e2e/viet-kudo.spec.ts:567:11

    Error Context: test-results/viet-kudo-Viết-Kudo-—-E2E--019fb-d-when-all-fields-are-empty-authed/error-context.md

    Retry #1 ───────────────────────────────────────────────────────────────────────────────────────

    Test timeout of 30000ms exceeded.

    Error: locator.click: Test timeout of 30000ms exceeded.
    Call log:
      - waiting for getByRole('button', { name: 'Viết Kudo' })


      51 |  */
      52 | async function openModal(page: Page) {
    > 53 |   await page.getByRole('button', { name: 'Viết Kudo' }).click()
         |                                                         ^
      54 |   const dialog = page.getByRole('dialog', { name: 'Viết Kudo' })
      55 |   await expect(dialog).toBeVisible()
      56 |   return dialog
        at openModal (/Users/mai.thanh.dan/Desktop/Sun/AI/aidd/e2e/viet-kudo.spec.ts:53:57)
        at /Users/mai.thanh.dan/Desktop/Sun/AI/aidd/e2e/viet-kudo.spec.ts:567:11

    Error Context: test-results/viet-kudo-Viết-Kudo-—-E2E--019fb-d-when-all-fields-are-empty-authed-retry1/error-context.md

    attachment #2: trace (application/zip) ─────────────────────────────────────────────────────────
    test-results/viet-kudo-Viết-Kudo-—-E2E--019fb-d-when-all-fields-are-empty-authed-retry1/trace.zip
    Usage:

        npx playwright show-trace test-results/viet-kudo-Viết-Kudo-—-E2E--019fb-d-when-all-fields-are-empty-authed-retry1/trace.zip

    ────────────────────────────────────────────────────────────────────────────────────────────────


[210/141] [authed] › e2e/viet-kudo.spec.ts:586:3 › Viết Kudo — E2E (MoMorph ihQ26W78P2) › ID-45: clicking Hủy closes the modal and discards the form
  73) [authed] › e2e/viet-kudo.spec.ts:573:3 › Viết Kudo — E2E (MoMorph ihQ26W78P2) › ID-49: Gửi button is enabled when recipient + content + hashtag are filled 

    Test timeout of 30000ms exceeded.

    Error: locator.click: Test timeout of 30000ms exceeded.
    Call log:
      - waiting for getByRole('button', { name: 'Viết Kudo' })


      51 |  */
      52 | async function openModal(page: Page) {
    > 53 |   await page.getByRole('button', { name: 'Viết Kudo' }).click()
         |                                                         ^
      54 |   const dialog = page.getByRole('dialog', { name: 'Viết Kudo' })
      55 |   await expect(dialog).toBeVisible()
      56 |   return dialog
        at openModal (/Users/mai.thanh.dan/Desktop/Sun/AI/aidd/e2e/viet-kudo.spec.ts:53:57)
        at /Users/mai.thanh.dan/Desktop/Sun/AI/aidd/e2e/viet-kudo.spec.ts:577:11

    Error Context: test-results/viet-kudo-Viết-Kudo-—-E2E--7136d--content-hashtag-are-filled-authed/error-context.md

    Retry #1 ───────────────────────────────────────────────────────────────────────────────────────

    Test timeout of 30000ms exceeded.

    Error: locator.click: Test timeout of 30000ms exceeded.
    Call log:
      - waiting for getByRole('button', { name: 'Viết Kudo' })


      51 |  */
      52 | async function openModal(page: Page) {
    > 53 |   await page.getByRole('button', { name: 'Viết Kudo' }).click()
         |                                                         ^
      54 |   const dialog = page.getByRole('dialog', { name: 'Viết Kudo' })
      55 |   await expect(dialog).toBeVisible()
      56 |   return dialog
        at openModal (/Users/mai.thanh.dan/Desktop/Sun/AI/aidd/e2e/viet-kudo.spec.ts:53:57)
        at /Users/mai.thanh.dan/Desktop/Sun/AI/aidd/e2e/viet-kudo.spec.ts:577:11

    Error Context: test-results/viet-kudo-Viết-Kudo-—-E2E--7136d--content-hashtag-are-filled-authed-retry1/error-context.md

    attachment #2: trace (application/zip) ─────────────────────────────────────────────────────────
    test-results/viet-kudo-Viết-Kudo-—-E2E--7136d--content-hashtag-are-filled-authed-retry1/trace.zip
    Usage:

        npx playwright show-trace test-results/viet-kudo-Viết-Kudo-—-E2E--7136d--content-hashtag-are-filled-authed-retry1/trace.zip

    ────────────────────────────────────────────────────────────────────────────────────────────────


[211/141] [authed] › e2e/viet-kudo.spec.ts:602:3 › Viết Kudo — E2E (MoMorph ihQ26W78P2) › ID-46: successful submit shows toast "Đã gửi Kudo thành công"
[212/141] (retries) [authed] › e2e/viet-kudo.spec.ts:586:3 › Viết Kudo — E2E (MoMorph ihQ26W78P2) › ID-45: clicking Hủy closes the modal and discards the form (retry #1)
[213/141] (retries) [authed] › e2e/viet-kudo.spec.ts:602:3 › Viết Kudo — E2E (MoMorph ihQ26W78P2) › ID-46: successful submit shows toast "Đã gửi Kudo thành công" (retry #1)
  74) [authed] › e2e/viet-kudo.spec.ts:586:3 › Viết Kudo — E2E (MoMorph ihQ26W78P2) › ID-45: clicking Hủy closes the modal and discards the form 

    Test timeout of 30000ms exceeded.

    Error: locator.click: Test timeout of 30000ms exceeded.
    Call log:
      - waiting for getByRole('button', { name: 'Viết Kudo' })


      51 |  */
      52 | async function openModal(page: Page) {
    > 53 |   await page.getByRole('button', { name: 'Viết Kudo' }).click()
         |                                                         ^
      54 |   const dialog = page.getByRole('dialog', { name: 'Viết Kudo' })
      55 |   await expect(dialog).toBeVisible()
      56 |   return dialog
        at openModal (/Users/mai.thanh.dan/Desktop/Sun/AI/aidd/e2e/viet-kudo.spec.ts:53:57)
        at /Users/mai.thanh.dan/Desktop/Sun/AI/aidd/e2e/viet-kudo.spec.ts:588:11

    Error Context: test-results/viet-kudo-Viết-Kudo-—-E2E--9638f-modal-and-discards-the-form-authed/error-context.md

    Retry #1 ───────────────────────────────────────────────────────────────────────────────────────

    Test timeout of 30000ms exceeded.

    Error: locator.click: Test timeout of 30000ms exceeded.
    Call log:
      - waiting for getByRole('button', { name: 'Viết Kudo' })


      51 |  */
      52 | async function openModal(page: Page) {
    > 53 |   await page.getByRole('button', { name: 'Viết Kudo' }).click()
         |                                                         ^
      54 |   const dialog = page.getByRole('dialog', { name: 'Viết Kudo' })
      55 |   await expect(dialog).toBeVisible()
      56 |   return dialog
        at openModal (/Users/mai.thanh.dan/Desktop/Sun/AI/aidd/e2e/viet-kudo.spec.ts:53:57)
        at /Users/mai.thanh.dan/Desktop/Sun/AI/aidd/e2e/viet-kudo.spec.ts:588:11

    Error Context: test-results/viet-kudo-Viết-Kudo-—-E2E--9638f-modal-and-discards-the-form-authed-retry1/error-context.md

    attachment #2: trace (application/zip) ─────────────────────────────────────────────────────────
    test-results/viet-kudo-Viết-Kudo-—-E2E--9638f-modal-and-discards-the-form-authed-retry1/trace.zip
    Usage:

        npx playwright show-trace test-results/viet-kudo-Viết-Kudo-—-E2E--9638f-modal-and-discards-the-form-authed-retry1/trace.zip

    ────────────────────────────────────────────────────────────────────────────────────────────────


[214/141] [authed] › e2e/viet-kudo.spec.ts:612:3 › Viết Kudo — E2E (MoMorph ihQ26W78P2) › ID-47: successful submit closes the modal and resets the form
  75) [authed] › e2e/viet-kudo.spec.ts:602:3 › Viết Kudo — E2E (MoMorph ihQ26W78P2) › ID-46: successful submit shows toast "Đã gửi Kudo thành công" 

    Test timeout of 30000ms exceeded.

    Error: locator.click: Test timeout of 30000ms exceeded.
    Call log:
      - waiting for getByRole('button', { name: 'Viết Kudo' })


      51 |  */
      52 | async function openModal(page: Page) {
    > 53 |   await page.getByRole('button', { name: 'Viết Kudo' }).click()
         |                                                         ^
      54 |   const dialog = page.getByRole('dialog', { name: 'Viết Kudo' })
      55 |   await expect(dialog).toBeVisible()
      56 |   return dialog
        at openModal (/Users/mai.thanh.dan/Desktop/Sun/AI/aidd/e2e/viet-kudo.spec.ts:53:57)
        at /Users/mai.thanh.dan/Desktop/Sun/AI/aidd/e2e/viet-kudo.spec.ts:604:11

    Error Context: test-results/viet-kudo-Viết-Kudo-—-E2E--13792-ast-Đã-gửi-Kudo-thành-công--authed/error-context.md

    Retry #1 ───────────────────────────────────────────────────────────────────────────────────────

    Test timeout of 30000ms exceeded.

    Error: locator.click: Test timeout of 30000ms exceeded.
    Call log:
      - waiting for getByRole('button', { name: 'Viết Kudo' })


      51 |  */
      52 | async function openModal(page: Page) {
    > 53 |   await page.getByRole('button', { name: 'Viết Kudo' }).click()
         |                                                         ^
      54 |   const dialog = page.getByRole('dialog', { name: 'Viết Kudo' })
      55 |   await expect(dialog).toBeVisible()
      56 |   return dialog
        at openModal (/Users/mai.thanh.dan/Desktop/Sun/AI/aidd/e2e/viet-kudo.spec.ts:53:57)
        at /Users/mai.thanh.dan/Desktop/Sun/AI/aidd/e2e/viet-kudo.spec.ts:604:11

    Error Context: test-results/viet-kudo-Viết-Kudo-—-E2E--13792-ast-Đã-gửi-Kudo-thành-công--authed-retry1/error-context.md

    attachment #2: trace (application/zip) ─────────────────────────────────────────────────────────
    test-results/viet-kudo-Viết-Kudo-—-E2E--13792-ast-Đã-gửi-Kudo-thành-công--authed-retry1/trace.zip
    Usage:

        npx playwright show-trace test-results/viet-kudo-Viết-Kudo-—-E2E--13792-ast-Đã-gửi-Kudo-thành-công--authed-retry1/trace.zip

    ────────────────────────────────────────────────────────────────────────────────────────────────


[215/141] [authed] › e2e/viet-kudo.spec.ts:643:3 › Viết Kudo — E2E (MoMorph ihQ26W78P2) › ID-47 (DB): submitted kudo row exists in kudos table after successful submit
[216/141] [authed] › e2e/viet-kudo.spec.ts:660:3 › Viết Kudo — E2E (MoMorph ihQ26W78P2) › ID-56: clicking Gửi when all fields are empty keeps modal open (no submit)
[217/141] (retries) [authed] › e2e/viet-kudo.spec.ts:612:3 › Viết Kudo — E2E (MoMorph ihQ26W78P2) › ID-47: successful submit closes the modal and resets the form (retry #1)
[218/141] (retries) [authed] › e2e/viet-kudo.spec.ts:660:3 › Viết Kudo — E2E (MoMorph ihQ26W78P2) › ID-56: clicking Gửi when all fields are empty keeps modal open (no submit) (retry #1)
  76) [authed] › e2e/viet-kudo.spec.ts:612:3 › Viết Kudo — E2E (MoMorph ihQ26W78P2) › ID-47: successful submit closes the modal and resets the form 

    Test timeout of 30000ms exceeded.

    Error: locator.click: Test timeout of 30000ms exceeded.
    Call log:
      - waiting for getByRole('button', { name: 'Viết Kudo' })


      51 |  */
      52 | async function openModal(page: Page) {
    > 53 |   await page.getByRole('button', { name: 'Viết Kudo' }).click()
         |                                                         ^
      54 |   const dialog = page.getByRole('dialog', { name: 'Viết Kudo' })
      55 |   await expect(dialog).toBeVisible()
      56 |   return dialog
        at openModal (/Users/mai.thanh.dan/Desktop/Sun/AI/aidd/e2e/viet-kudo.spec.ts:53:57)
        at /Users/mai.thanh.dan/Desktop/Sun/AI/aidd/e2e/viet-kudo.spec.ts:614:11

    Error Context: test-results/viet-kudo-Viết-Kudo-—-E2E--cdf20-e-modal-and-resets-the-form-authed/error-context.md

    Retry #1 ───────────────────────────────────────────────────────────────────────────────────────

    Test timeout of 30000ms exceeded.

    Error: locator.click: Test timeout of 30000ms exceeded.
    Call log:
      - waiting for getByRole('button', { name: 'Viết Kudo' })


      51 |  */
      52 | async function openModal(page: Page) {
    > 53 |   await page.getByRole('button', { name: 'Viết Kudo' }).click()
         |                                                         ^
      54 |   const dialog = page.getByRole('dialog', { name: 'Viết Kudo' })
      55 |   await expect(dialog).toBeVisible()
      56 |   return dialog
        at openModal (/Users/mai.thanh.dan/Desktop/Sun/AI/aidd/e2e/viet-kudo.spec.ts:53:57)
        at /Users/mai.thanh.dan/Desktop/Sun/AI/aidd/e2e/viet-kudo.spec.ts:614:11

    Error Context: test-results/viet-kudo-Viết-Kudo-—-E2E--cdf20-e-modal-and-resets-the-form-authed-retry1/error-context.md

    attachment #2: trace (application/zip) ─────────────────────────────────────────────────────────
    test-results/viet-kudo-Viết-Kudo-—-E2E--cdf20-e-modal-and-resets-the-form-authed-retry1/trace.zip
    Usage:

        npx playwright show-trace test-results/viet-kudo-Viết-Kudo-—-E2E--cdf20-e-modal-and-resets-the-form-authed-retry1/trace.zip

    ────────────────────────────────────────────────────────────────────────────────────────────────


  77) [authed] › e2e/viet-kudo.spec.ts:660:3 › Viết Kudo — E2E (MoMorph ihQ26W78P2) › ID-56: clicking Gửi when all fields are empty keeps modal open (no submit) 

    Test timeout of 30000ms exceeded.

    Error: locator.click: Test timeout of 30000ms exceeded.
    Call log:
      - waiting for getByRole('button', { name: 'Viết Kudo' })


      51 |  */
      52 | async function openModal(page: Page) {
    > 53 |   await page.getByRole('button', { name: 'Viết Kudo' }).click()
         |                                                         ^
      54 |   const dialog = page.getByRole('dialog', { name: 'Viết Kudo' })
      55 |   await expect(dialog).toBeVisible()
      56 |   return dialog
        at openModal (/Users/mai.thanh.dan/Desktop/Sun/AI/aidd/e2e/viet-kudo.spec.ts:53:57)
        at /Users/mai.thanh.dan/Desktop/Sun/AI/aidd/e2e/viet-kudo.spec.ts:664:11

    Error Context: test-results/viet-kudo-Viết-Kudo-—-E2E--0b741-keeps-modal-open-no-submit--authed/error-context.md

    Retry #1 ───────────────────────────────────────────────────────────────────────────────────────

    Test timeout of 30000ms exceeded.

    Error: locator.click: Test timeout of 30000ms exceeded.
    Call log:
      - waiting for getByRole('button', { name: 'Viết Kudo' })


      51 |  */
      52 | async function openModal(page: Page) {
    > 53 |   await page.getByRole('button', { name: 'Viết Kudo' }).click()
         |                                                         ^
      54 |   const dialog = page.getByRole('dialog', { name: 'Viết Kudo' })
      55 |   await expect(dialog).toBeVisible()
      56 |   return dialog
        at openModal (/Users/mai.thanh.dan/Desktop/Sun/AI/aidd/e2e/viet-kudo.spec.ts:53:57)
        at /Users/mai.thanh.dan/Desktop/Sun/AI/aidd/e2e/viet-kudo.spec.ts:664:11

    Error Context: test-results/viet-kudo-Viết-Kudo-—-E2E--0b741-keeps-modal-open-no-submit--authed-retry1/error-context.md

    attachment #2: trace (application/zip) ─────────────────────────────────────────────────────────
    test-results/viet-kudo-Viết-Kudo-—-E2E--0b741-keeps-modal-open-no-submit--authed-retry1/trace.zip
    Usage:

        npx playwright show-trace test-results/viet-kudo-Viết-Kudo-—-E2E--0b741-keeps-modal-open-no-submit--authed-retry1/trace.zip

    ────────────────────────────────────────────────────────────────────────────────────────────────


  77 failed
    [public] › e2e/countdown.spec.ts:19:3 › Countdown Screen (CD-E2E) › CD-E2E-01: unauth visit to /countdown is redirected to /login by the proxy guard 
    [public] › e2e/countdown.spec.ts:24:3 › Countdown Screen (CD-E2E) › CD-E2E-02: renders countdown with title, labels, and timer role (counting) 
    [public] › e2e/countdown.spec.ts:49:3 › Countdown Screen (CD-E2E) › CD-E2E-03: display cap and zero-pad renders LED digits correctly 
    [public] › e2e/countdown.spec.ts:76:3 › Countdown Screen (CD-E2E) › CD-E2E-04: countdown page is stable and navigation is not locked 
    [public] › e2e/countdown.spec.ts:93:3 › Countdown Screen (CD-E2E) › CD-E2E-05: responsive layout (375, 768, 1280) no horizontal overflow 
    [public] › e2e/login.spec.ts:91:3 › Login Page › should have sticky header on scroll ───────────
    [authed] › e2e/board.spec.ts:39:3 › Live Board /board (Authenticated) › TC-BOARD-02: KV banner (key visual) renders above feed 
    [authed] › e2e/homepage.spec.ts:27:3 › Homepage SAA — Public View › ID-0: Homepage renders at root path with public content 
    [authed] › e2e/homepage.spec.ts:35:3 › Homepage SAA — Public View › ID-7: all major sections are present on the page 
    [authed] › e2e/homepage.spec.ts:53:3 › Homepage SAA — Public View › ID-18: logo links to home (/) 
    [authed] › e2e/homepage.spec.ts:62:3 › Homepage SAA — Public View › ID-10: language selector displays "VN" label 
    [authed] › e2e/homepage.spec.ts:67:3 › Homepage SAA — Public View › ID-24: language selector shows flag icon 
    [authed] › e2e/homepage.spec.ts:85:3 › Homepage SAA — Public View › ID-0: public header has NO bell button 
    [authed] › e2e/homepage.spec.ts:91:3 › Homepage SAA — Public View › public header shows Sign in link instead of account menu 
    [authed] › e2e/homepage.spec.ts:96:3 › Homepage SAA — Public View › ID-12: "Comming soon" label is visible 
    [authed] › e2e/homepage.spec.ts:101:3 › Homepage SAA — Public View › ID-13: countdown displays 3 units (Days, Hours, Minutes) 
    [authed] › e2e/homepage.spec.ts:111:3 › Homepage SAA — Public View › ID-40: countdown values are 2-digit padded (e.g., "03", "00") 
    [authed] › e2e/homepage.spec.ts:125:3 › Homepage SAA — Public View › ID-44: "ABOUT AWARDS" CTA navigates to /awards 
    [authed] › e2e/homepage.spec.ts:133:3 › Homepage SAA — Public View › ID-45: "ABOUT KUDOS" CTA navigates to /kudos 
    [authed] › e2e/homepage.spec.ts:141:3 › Homepage SAA — Public View › renders event info (date, venue, livestream) 
    [authed] › e2e/homepage.spec.ts:149:3 › Homepage SAA — Public View › renders Root Further section content 
    [authed] › e2e/homepage.spec.ts:154:3 › Homepage SAA — Public View › ID-H3: FAB (Viết Kudo) is NOT visible for anonymous visitors 
    [authed] › e2e/homepage.spec.ts:160:3 › Homepage SAA — Public View › ID-15: grid renders multiple award cards 
    [authed] › e2e/homepage.spec.ts:169:3 › Homepage SAA — Public View › ID-47–50: each award card links to /awards#{slug} 
    [authed] › e2e/homepage.spec.ts:180:3 › Homepage SAA — Public View › ID-52: award cards display title, description, and "Chi tiết" link 
    [authed] › e2e/homepage.spec.ts:193:3 › Homepage SAA — Public View › ID-16: grid is responsive (3 cols on desktop, 2 on tablet, 1 on mobile) 
    [authed] › e2e/homepage.spec.ts:215:3 › Homepage SAA — Public View › awards section has proper heading 
    [authed] › e2e/homepage.spec.ts:220:3 › Homepage SAA — Public View › ID-17: footer displays copyright text "Bản quyền thuộc về Sun* © 2025" 
    [authed] › e2e/homepage.spec.ts:227:3 › Homepage SAA — Public View › footer has navigation links (About, Awards, Kudos, Rules) 
    [authed] › e2e/homepage.spec.ts:236:3 › Homepage SAA — Public View › footer About SAA 2025 link is an anchor (#about) 
    [authed] › e2e/homepage.spec.ts:241:3 › Homepage SAA — Public View › footer navigation links point to correct routes 
    [authed] › e2e/homepage.spec.ts:254:3 › Homepage SAA — Public View › ID-21: "Award Information" nav link goes to /awards 
    [authed] › e2e/homepage.spec.ts:260:3 › Homepage SAA — Public View › ID-22: "Sun* Kudos" nav link goes to /kudos 
    [authed] › e2e/homepage.spec.ts:266:3 › Homepage SAA — Public View › ID-3, 20: "About SAA 2025" nav link is an anchor to #about 
    [authed] › e2e/homepage.spec.ts:272:3 › Homepage SAA — Public View › header remains sticky on scroll 
    [authed] › e2e/homepage.spec.ts:288:3 › Homepage SAA — Public View › header has sticky styling ─
    [authed] › e2e/homepage.spec.ts:296:3 › Homepage SAA — Public View › page has proper landmark structure 
    [authed] › e2e/homepage.spec.ts:306:3 › Homepage SAA — Public View › hero section is a region with aria-label 
    [authed] › e2e/homepage.spec.ts:403:3 › Homepage SAA — Authenticated View › ID-H3: FAB (Viết Kudo) is visible for authenticated users 
    [authed] › e2e/profile.spec.ts:59:3 › Profile /profile (Self Profile) › TC-PROFILE-SELF-04: shows "Nhận được" and "Đã gửi" options 
    [authed] › e2e/profile.spec.ts:76:3 › Profile /profile (Self Profile) › TC-PROFILE-SELF-05: clicking "Đã gửi" option 
    [authed] › e2e/profile.spec.ts:175:3 › Profile /profile?id={uuid} (Other User Profile) › TC-PROFILE-OTHER-05: other user shows ONLY "Nhận được" option 
    [authed] › e2e/viet-kudo.spec.ts:132:3 › Viết Kudo — E2E (MoMorph ihQ26W78P2) › ID-2: authenticated user sees "Viết Kudo" button on /kudos 
    [authed] › e2e/viet-kudo.spec.ts:140:3 › Viết Kudo — E2E (MoMorph ihQ26W78P2) › ID-3: modal opens with correct title text 
    [authed] › e2e/viet-kudo.spec.ts:148:3 › Viết Kudo — E2E (MoMorph ihQ26W78P2) › ID-4: modal contains all sections in correct order (A→H) 
    [authed] › e2e/viet-kudo.spec.ts:169:3 › Viết Kudo — E2E (MoMorph ihQ26W78P2) › ID-5: Nội dung editor shows placeholder text before typing 
    [authed] › e2e/viet-kudo.spec.ts:184:3 › Viết Kudo — E2E (MoMorph ihQ26W78P2) › ID-6: anonymous checkbox is unchecked by default 
    [authed] › e2e/viet-kudo.spec.ts:193:3 › Viết Kudo — E2E (MoMorph ihQ26W78P2) › ID-8: typing in recipient search filters the dropdown list 
    [authed] › e2e/viet-kudo.spec.ts:210:3 › Viết Kudo — E2E (MoMorph ihQ26W78P2) › ID-25: selecting a recipient shows their name in the trigger button 
    [authed] › e2e/viet-kudo.spec.ts:219:3 › Viết Kudo — E2E (MoMorph ihQ26W78P2) › ID-26: selecting a recipient closes the dropdown 
    [authed] › e2e/viet-kudo.spec.ts:228:3 › Viết Kudo — E2E (MoMorph ihQ26W78P2) › ID-10: search with leading/trailing spaces still matches recipients 
    [authed] › e2e/viet-kudo.spec.ts:244:3 › Viết Kudo — E2E (MoMorph ihQ26W78P2) › ID-12: typing "@" in the editor triggers mention suggestions 
    [authed] › e2e/viet-kudo.spec.ts:261:3 › Viết Kudo — E2E (MoMorph ihQ26W78P2) › ID-13: selecting a mention suggestion inserts @FullName inline 
    [authed] › e2e/viet-kudo.spec.ts:280:3 › Viết Kudo — E2E (MoMorph ihQ26W78P2) › ID-33: hint text about @mention is visible below the editor 
    [authed] › e2e/viet-kudo.spec.ts:290:3 › Viết Kudo — E2E (MoMorph ihQ26W78P2) › ID-27: Bold toolbar button toggles bold formatting 
    [authed] › e2e/viet-kudo.spec.ts:300:3 › Viết Kudo — E2E (MoMorph ihQ26W78P2) › ID-28: Italic toolbar button toggles italic formatting 
    [authed] › e2e/viet-kudo.spec.ts:309:3 › Viết Kudo — E2E (MoMorph ihQ26W78P2) › ID-29: Strikethrough toolbar button toggles strikethrough 
    [authed] › e2e/viet-kudo.spec.ts:318:3 › Viết Kudo — E2E (MoMorph ihQ26W78P2) › ID-30: Ordered list toolbar button toggles ordered list 
    [authed] › e2e/viet-kudo.spec.ts:331:3 › Viết Kudo — E2E (MoMorph ihQ26W78P2) › ID-31: Link toolbar button opens URL prompt and sets link 
    [authed] › e2e/viet-kudo.spec.ts:353:3 › Viết Kudo — E2E (MoMorph ihQ26W78P2) › ID-32: Quote toolbar button toggles blockquote 
    [authed] › e2e/viet-kudo.spec.ts:367:3 › Viết Kudo — E2E (MoMorph ihQ26W78P2) › ID-15: adding a hashtag displays it as a chip 
    [authed] › e2e/viet-kudo.spec.ts:374:3 › Viết Kudo — E2E (MoMorph ihQ26W78P2) › ID-34: removing a hashtag chip removes it from the list 
    [authed] › e2e/viet-kudo.spec.ts:384:3 › Viết Kudo — E2E (MoMorph ihQ26W78P2) › ID-35: can add up to 5 hashtags 
    [authed] › e2e/viet-kudo.spec.ts:399:3 › Viết Kudo — E2E (MoMorph ihQ26W78P2) › ID-36: "Thêm Hashtag" button is disabled when 5 hashtags are selected 
    [authed] › e2e/viet-kudo.spec.ts:426:3 › Viết Kudo — E2E (MoMorph ihQ26W78P2) › ID-37: uploading a valid JPG image shows its thumbnail 
    [authed] › e2e/viet-kudo.spec.ts:453:3 › Viết Kudo — E2E (MoMorph ihQ26W78P2) › ID-39: uploading an invalid file type (PDF) shows an error message 
    [authed] › e2e/viet-kudo.spec.ts:475:3 › Viết Kudo — E2E (MoMorph ihQ26W78P2) › ID-55: uploading a file over 5 MB shows a size error 
    [authed] › e2e/viet-kudo.spec.ts:524:3 › Viết Kudo — E2E (MoMorph ihQ26W78P2) › ID-41: clicking anonymous checkbox checks it 
    [authed] › e2e/viet-kudo.spec.ts:533:3 › Viết Kudo — E2E (MoMorph ihQ26W78P2) › ID-42: checking anonymous shows the alias input field 
    [authed] › e2e/viet-kudo.spec.ts:541:3 › Viết Kudo — E2E (MoMorph ihQ26W78P2) › ID-43: unchecking anonymous hides the alias input field 
    [authed] › e2e/viet-kudo.spec.ts:553:3 › Viết Kudo — E2E (MoMorph ihQ26W78P2) › ID-44: alias field accepts text when anonymous is checked 
    [authed] › e2e/viet-kudo.spec.ts:565:3 › Viết Kudo — E2E (MoMorph ihQ26W78P2) › ID-48: Gửi button is disabled when all fields are empty 
    [authed] › e2e/viet-kudo.spec.ts:573:3 › Viết Kudo — E2E (MoMorph ihQ26W78P2) › ID-49: Gửi button is enabled when recipient + content + hashtag are filled 
    [authed] › e2e/viet-kudo.spec.ts:586:3 › Viết Kudo — E2E (MoMorph ihQ26W78P2) › ID-45: clicking Hủy closes the modal and discards the form 
    [authed] › e2e/viet-kudo.spec.ts:602:3 › Viết Kudo — E2E (MoMorph ihQ26W78P2) › ID-46: successful submit shows toast "Đã gửi Kudo thành công" 
    [authed] › e2e/viet-kudo.spec.ts:612:3 › Viết Kudo — E2E (MoMorph ihQ26W78P2) › ID-47: successful submit closes the modal and resets the form 
    [authed] › e2e/viet-kudo.spec.ts:660:3 › Viết Kudo — E2E (MoMorph ihQ26W78P2) › ID-56: clicking Gửi when all fields are empty keeps modal open (no submit) 
  4 skipped
  60 passed (20.8m)
